window_id,start_index,end_index,start_time,end_time,alpha_q,alpha_r,gps_updates,has_gps,mean_nis,position_mae,velocity_mae,heading_mae_deg
0,0,49,0.0,4.9,0.1,30.0,1,1,0.2402522476099222,3.527344914153129,1.5072428259383266,12.092720496413907
1,50,99,4.999999999999998,9.899999999999999,0.1,2.0,1,1,6.19263240735634,3.930935586033341,0.4587847049668825,20.97745848052841
2,100,149,9.99999999999998,14.89999999999998,0.1,1.0,0,0,,6.46195376844409,0.54291136049651,28.588223463917736
3,150,199,14.999999999999964,19.899999999999963,0.1,3.0,1,1,5.252422596770114,1.9088390514126132,0.5526575210779803,10.60575767004035
4,200,249,20.00000000000001,24.900000000000013,0.1,1.0,0,0,,4.978566416949072,1.2701741064116163,23.938434849339643
5,250,299,25.000000000000085,29.900000000000084,0.1,30.0,1,1,1.2616802308592714,19.336818666464303,1.189734682490239,91.17975136299395
6,300,349,30.00000000000016,34.90000000000016,0.1,1.0,0,0,,20.85944013977613,1.1880898477636526,85.51780656124726
7,350,399,35.00000000000023,39.900000000000226,0.1,30.0,1,1,0.3803971439501056,21.09395452964666,0.4930368275029266,89.30563807696387
8,400,449,40.0000000000003,44.9000000000003,0.1,1.0,0,0,,21.260008749255864,1.9347406270359893,85.45472901769308
9,450,499,45.00000000000037,49.90000000000037,0.1,30.0,1,1,0.462870566236128,23.64007149183626,0.6487839687648208,85.68646142791336
10,500,549,50.00000000000044,54.90000000000044,30.0,0.1,1,1,1.29810646237227,14.67881059111574,1.780444554141681,87.54235530023776
11,550,599,55.00000000000051,59.90000000000051,0.1,1.0,0,0,,22.14839214422848,1.7260019680242515,85.2961739593383
12,600,649,60.00000000000058,64.90000000000059,30.0,0.1,1,1,1.7512758901581256,10.415558589080504,2.503898510524919,93.67905881942248
13,650,699,65.00000000000058,69.90000000000059,0.1,1.0,0,0,,21.945958472626582,1.453580460899265,89.71817872306157
14,700,749,70.0000000000003,74.9000000000003,0.1,30.0,1,1,1.5926446006676895,21.93297905412913,1.4125408059496918,87.17431118397553
15,750,799,75.00000000000001,79.90000000000002,0.1,1.0,0,0,,18.08959825992812,0.5551988074455193,103.780375126478
16,800,849,79.99999999999973,84.89999999999974,30.0,0.1,1,1,1.154659640273479,6.464097463432963,2.167576616125512,113.5572599488823
17,850,899,84.99999999999945,89.89999999999945,0.1,1.0,0,0,,17.0977375047819,0.3165572147365129,102.87169969837136
18,900,949,89.99999999999916,94.89999999999917,30.0,0.1,1,1,0.5698183994685097,5.976715563919333,3.282126424933842,97.5438859247258
19,950,999,94.99999999999888,99.89999999999888,0.1,1.0,0,0,,18.31352539498664,0.3991595746011388,102.71204574914287
20,1000,1049,99.9999999999986,104.8999999999986,30.0,0.1,1,1,1.2084828691441194,8.466329540767669,2.563270490015908,116.48262841623514
21,1050,1099,104.99999999999832,109.89999999999833,0.1,1.0,0,0,,20.228030275449168,0.1922929528556231,101.91651767971028
22,1100,1149,109.99999999999802,114.89999999999803,0.1,1.0,0,0,,19.427707766543,1.1900869483938714,101.09226237054004
23,1150,1199,114.99999999999774,119.89999999999775,3.0,20.0,1,1,0.5767929079467256,19.001104429607206,0.1753296540600251,102.28166935740708
24,1200,1249,119.99999999999746,124.89999999999746,0.1,1.0,0,0,,18.32946392032998,1.0950693824239082,101.851536333273
25,1250,1299,124.99999999999716,129.89999999999716,0.1,0.1,1,1,38.15257218244553,6.533929458845123,2.169294071919198,81.24640252527223
26,1300,1349,129.9999999999969,134.8999999999969,0.1,1.0,0,0,,15.815797548378374,1.2150926108088682,103.93746006395776
27,1350,1399,134.99999999999662,139.89999999999662,0.1,30.0,1,1,0.2904119663148687,16.744123735537077,0.6629153977692319,103.42840290466172
28,1400,1449,139.99999999999633,144.89999999999634,0.1,1.0,0,0,,17.553134867851053,0.834256651931212,103.4776867659444
29,1450,1499,144.99999999999605,149.89999999999606,0.1,30.0,1,1,0.297836081749706,16.377497781301678,0.7386226175564963,105.38630493172542
30,1500,1549,149.99999999999577,154.89999999999577,30.0,0.1,1,1,1.0884573955149508,10.905575148439802,1.5368906762839871,106.66151999747925
31,1550,1599,154.99999999999548,159.8999999999955,0.1,1.0,0,0,,17.291029576153036,0.6738179059519753,104.97334477781642
32,1600,1649,159.9999999999952,164.8999999999952,0.1,1.0,0,0,,18.249404831139984,0.9154644104822998,102.00918894394856
33,1650,1699,164.9999999999949,169.89999999999492,0.1,30.0,1,1,0.3333830427847932,17.493125358242867,0.8726987330796925,104.49781529790488
34,1700,1749,169.99999999999463,174.89999999999463,0.1,1.0,0,0,,17.996333983440948,0.7583967527196863,103.07215273997404
35,1750,1799,174.99999999999434,179.89999999999435,0.1,30.0,1,1,0.3241982089107426,16.082954966617628,0.905240248186428,106.24612575939511
36,1800,1849,179.99999999999406,184.89999999999407,30.0,0.1,1,1,0.9385681447295774,10.20359226012018,1.357583256306303,106.73908519710491
37,1850,1899,184.99999999999372,189.89999999999372,0.1,1.0,0,0,,16.5480728026114,1.0706247979512264,106.4971323281904
38,1900,1949,189.9999999999935,194.8999999999935,30.0,0.1,1,1,0.7293445280771211,6.794805545829131,2.044036721740324,108.82661833738294
39,1950,1999,194.9999999999932,199.8999999999932,0.1,1.0,0,0,,15.69306455948294,0.9724583617104408,108.55954092743929
40,2000,2049,199.99999999999287,204.89999999999287,0.1,30.0,1,1,0.4092507420464177,14.151903524228294,0.4550239474543563,101.9397927553122
41,2050,2099,204.99999999999264,209.89999999999264,0.1,1.0,0,0,,14.928428035205313,1.2070976257256434,110.32290159822251
42,2100,2149,209.99999999999235,214.89999999999236,0.1,30.0,1,1,0.3284479161574416,2.335096318075668,0.3255112851174344,12.116347581750354
43,2150,2199,214.99999999999207,219.89999999999208,7.0,30.0,1,1,0.1078366312713997,2.86028841908967,1.3880811803343285,1.184838818839535
44,2200,2249,219.9999999999918,224.8999999999918,0.1,1.0,0,0,,1.1489834592372956,0.8971865186976054,2.6125025058847724
45,2250,2299,224.9999999999915,229.8999999999915,30.0,0.1,1,1,0.0735927830052546,5.7984805856274,1.8979450221344865,90.46169518394072
46,2300,2349,229.9999999999912,234.8999999999912,0.1,1.0,0,0,,6.248499095691562,2.9116604995072195,58.32787931060037
47,2350,2399,234.99999999999093,239.89999999999094,0.1,7.0,1,1,6.002766144430128,5.521085681287949,0.2701277005267695,22.352681293252814
48,2400,2449,239.99999999999065,244.89999999999065,0.1,1.0,0,0,,10.483236395476126,0.2055871215316312,47.52650193924264
49,2450,2499,244.9999999999904,249.8999999999904,0.1,0.5,1,1,37.44134230582651,6.650805147363165,3.9058037022007066,16.600123127445688
50,2500,2549,249.99999999999008,254.8999999999901,0.1,1.0,0,0,,5.801776248225162,0.5850281717288648,12.61527376194852
51,2550,2599,254.9999999999898,259.8999999999898,0.1,3.0,1,1,13.811399138165068,8.143207150109916,0.3658215111389498,28.88003994260448
52,2600,2649,259.9999999999906,264.8999999999906,0.1,1.0,0,0,,13.855280642385036,0.4435958096189367,42.76778102770266
53,2650,2699,264.99999999999176,269.89999999999173,0.1,30.0,1,1,1.667830094441039,16.624213287658772,0.5083302804041208,43.66633504104058
54,2700,2749,269.9999999999929,274.8999999999929,0.1,5.0,1,1,16.48737905621273,3.312056290549348,2.5494497470600934,2.5817443027617024
55,2750,2799,274.99999999999403,279.899999999994,0.1,1.0,0,0,,4.326395576278382,0.4990027287871114,7.509441275655815
56,2800,2849,279.9999999999952,284.8999999999952,0.1,10.0,1,1,10.413253429346042,3.4371033527388897,0.3489955907747379,6.99526779527308
57,2850,2899,284.9999999999963,289.8999999999963,0.1,1.0,0,0,,4.639797038639558,0.2686133704045332,4.611329325875783
58,2900,2949,289.99999999999744,294.8999999999974,0.3,30.0,1,1,3.998310327970581,3.273368591894364,0.5093359443826685,3.337662255608146
59,2950,2999,294.9999999999986,299.89999999999856,0.1,1.0,0,0,,12.74876116520698,1.0504183312289026,28.59535147142362
60,3000,3049,299.9999999999997,304.8999999999997,0.1,30.0,1,1,3.409213684376439,3.237305197783624,0.6497283757447545,5.056927726371374
61,3050,3099,305.00000000000085,309.90000000000083,0.15,20.0,1,1,5.192865812090064,2.2918873874508265,0.2843220032288333,0.8149617317104741
62,3100,3149,310.000000000002,314.90000000000197,0.1,1.0,0,0,,11.419155804991242,5.393599938921134,15.14017257982274
63,3150,3199,315.0000000000031,319.9000000000031,0.1,0.5,1,1,592.8669990518428,40.82970342657659,6.688383422481661,22.468100351946035
64,3200,3249,320.00000000000426,324.90000000000424,0.1,1.0,0,0,,3.740107529136655,0.4998044002512334,3.154279600006555
65,3250,3299,325.0000000000054,329.9000000000054,0.1,30.0,1,1,3.028001725745702,3.8273888810362937,0.1123574846284712,5.014350240895217
66,3300,3349,330.00000000000654,334.9000000000065,0.1,1.0,0,0,,2.379687882124105,0.2075903067472451,2.601438059309117
67,3350,3399,335.0000000000077,339.90000000000765,0.1,30.0,1,1,2.9732080084864694,2.094644332482454,0.1240664069107512,1.840747212474421
68,3400,3449,340.0000000000088,344.9000000000088,0.1,1.0,0,0,,4.786201100575109,1.2442048065071745,6.436813266560961
69,3450,3499,345.00000000000995,349.9000000000099,0.1,30.0,1,1,2.4376345945248303,11.229255966152406,0.4257185082605927,22.75226052003466
70,3500,3549,350.0000000000111,354.90000000001106,0.15,7.0,1,1,9.317483663906795,5.85626799429037,0.8800413175459906,10.94670753417244
71,3550,3599,355.0000000000122,359.9000000000122,0.1,1.0,0,0,,5.21965235283072,0.7946304713094198,10.37470257488121
72,3600,3649,360.00000000001336,364.90000000001334,0.1,10.0,1,1,8.117322771384762,3.849272504668734,0.6260206405332613,8.232968821964995
73,3650,3699,365.0000000000145,369.9000000000145,0.1,1.0,0,0,,4.853038859253558,2.252065091696852,7.874191518748506
74,3700,3749,370.0000000000156,374.90000000001555,0.1,0.3,1,1,458.502997918873,25.784224418183136,11.020594684665662,10.98487829709117
75,3750,3799,375.0000000000168,379.9000000000168,0.1,1.0,0,0,,2.5717684852421208,0.5329737859483934,2.587691711340911
76,3800,3849,380.0000000000179,384.9000000000179,0.15,5.0,1,1,10.766823524548409,3.9386681306505142,0.3268289171648965,10.079963897177
77,3850,3899,385.00000000001904,389.900000000019,0.1,1.0,0,0,,4.424445848869315,1.436384727269206,6.597682864577098
78,3900,3949,390.0000000000202,394.90000000002016,0.1,30.0,1,1,0.7572580221109038,9.09052290972499,1.5701657995763596,32.112830881971355
79,3950,3999,395.0000000000213,399.9000000000213,0.1,5.0,1,1,11.129556805382348,4.260087636169064,1.4693885848389272,8.794032603160986
80,4000,4049,400.00000000002245,404.90000000002243,0.1,1.0,0,0,,1.9149984587352475,0.1663364188731552,4.291437008577482
81,4050,4099,405.0000000000236,409.90000000002357,0.1,30.0,1,1,2.2951488517508327,2.5608651411013743,0.3110315851368104,3.316748805787074
82,4100,4149,410.0000000000247,414.9000000000247,0.1,1.0,0,0,,2.638537031512537,0.9127899670955308,1.0102923650663989
83,4150,4199,415.00000000002586,419.90000000002584,0.1,7.0,1,1,7.611335212536183,1.6755615554362293,0.3418851189780074,5.837376568117295
84,4200,4249,420.000000000027,424.900000000027,0.1,1.0,0,0,,5.96965302878455,0.6118542223824964,12.417279141084244
85,4250,4299,425.00000000002814,429.9000000000281,0.2,30.0,1,1,1.8931471127801969,0.9199524407780671,0.0662128153339159,0.8595619944979893
86,4300,4349,430.0000000000293,434.90000000002925,0.1,1.0,0,0,,1.5292992303247452,0.1582796693075876,2.373345637710957
87,4350,4399,435.0000000000304,439.9000000000304,0.1,30.0,1,1,1.819070541415878,1.6457576290025655,0.31669783090516,2.7967468701832905
88,4400,4449,440.0000000000316,444.9000000000316,0.1,1.0,0,0,,5.409585075194964,0.2573666208531266,10.524363046511947
89,4450,4499,445.0000000000327,449.90000000003266,0.1,30.0,1,1,1.7374582584648317,1.947400368649838,0.1243384794963952,3.262974953396232
90,4500,4549,450.0000000000338,454.9000000000338,0.1,30.0,1,1,1.7561010859456487,1.319783475898508,0.0618201674067447,2.134588247687363
91,4550,4599,455.00000000003496,459.90000000003494,0.1,1.0,0,0,,5.825911541221451,0.2816959213826734,13.964635710625066
92,4600,4649,460.0000000000361,464.9000000000361,0.1,5.0,1,1,10.866508169668275,3.055485904277737,0.5077262822470343,8.799170038412804
93,4650,4699,465.0000000000372,469.90000000003715,0.1,1.0,0,0,,3.276837432215444,0.5791976596531153,4.913320637929119
94,4700,4749,470.0000000000384,474.9000000000384,0.5,10.0,1,1,2.5046400655594647,1.1097227349674157,0.3058087874547235,1.242518209334859
95,4750,4799,475.0000000000395,479.9000000000395,0.1,1.0,0,0,,1.623774548643432,1.0798974476618173,1.0815724601999417
96,4800,4849,480.00000000004064,484.9000000000406,0.1,30.0,1,1,1.138609959374224,2.82482827173987,0.2381559267107567,9.071741610252584
97,4850,4899,485.0000000000418,489.90000000004176,0.1,1.0,1,1,23.36965421171097,2.7621252670147864,0.8118545361479125,6.398918128704626
98,4900,4949,490.0000000000429,494.9000000000429,0.1,1.0,0,0,,6.205883624628758,1.974125612800592,5.240872310206012
99,4950,4999,495.00000000004405,499.90000000004403,0.1,2.0,1,1,11.524003854393888,3.36509986496376,2.2539534618850245,3.120986003364739
100,5000,5049,500.0000000000452,504.90000000004517,0.1,1.0,0,0,,1.6571026659597594,0.0835072565388519,3.423033063654025
101,5050,5099,505.0000000000463,509.9000000000463,0.1,30.0,1,1,1.0218379560788708,2.318020358243792,0.3309064236894691,4.80911325780557
102,5100,5149,510.00000000004746,514.9000000000475,0.1,1.0,0,0,,5.831096092477932,0.3082511191431492,15.322243788693878
103,5150,5199,515.0000000000485,519.9000000000485,0.2,5.0,1,1,6.537238750488814,0.70556573064576,0.3313282480741721,0.9188855963540692
104,5200,5249,520.0000000000497,524.9000000000497,0.1,1.0,0,0,,3.292768324396381,1.2265198872199885,6.7340739931375735
105,5250,5299,525.0000000000508,529.9000000000508,0.2,0.5,1,1,12.433363456681567,0.9240964219596464,0.959990761735384,1.85516665125736
106,5300,5349,530.000000000052,534.9000000000519,0.15,0.1,1,1,0.2036370043328563,2.031684141514201,0.8217640031138143,3.476091101636411
107,5350,5399,535.0000000000531,539.9000000000531,0.1,1.0,0,0,,0.1243726827830222,0.0206536622863665,1.4241456264483374
108,5400,5449,540.0000000000542,544.9000000000542,0.1,1.0,0,0,,0.1937936466506636,0.0214890492353581,1.5130292523512645
109,5450,5499,545.0000000000554,549.9000000000553,0.1,1.0,0,0,,0.2884826739213023,0.0126744468004904,1.3538241537990765
110,5500,5549,550.0000000000565,554.9000000000565,0.1,1.0,0,0,,0.3118877587321599,0.3779222222222222,1.320481452731141
111,5550,5599,555.0000000000576,559.9000000000576,0.1,30.0,1,1,0.1110952764276851,7.447759387277566,4.167183816312118,1.3490962208513089
112,5600,5649,560.0000000000588,564.9000000000588,0.1,3.0,1,1,11.930141135444742,3.0075399493466404,1.8640722939216736,1.3855717436585642
113,5650,5699,565.0000000000599,569.9000000000599,0.1,1.0,0,0,,1.2431126605389513,0.5540069145851547,1.858641204653957
114,5700,5749,570.000000000061,574.900000000061,0.1,30.0,1,1,1.576287564768069,2.4940863671738454,0.5405678122080859,4.528057648505356
115,5750,5799,575.0000000000622,579.9000000000622,0.1,1.0,0,0,,1.7332029535851885,0.3623090366635096,1.638835745226299
116,5800,5849,580.0000000000633,584.9000000000633,0.1,30.0,1,1,2.051341008503404,2.77535349064007,1.224668796842201,4.79600371836983
117,5850,5899,585.0000000000645,589.9000000000644,0.1,1.0,0,0,,9.815535246117625,0.7572979269528856,15.678079128535666
118,5900,5949,590.0000000000656,594.9000000000656,0.1,10.0,1,1,9.738245758903703,1.1208725525391103,0.3208004493570429,1.7017173290838452
119,5950,5999,595.0000000000667,599.9000000000667,0.1,1.0,0,0,,4.358722106675266,1.4659672917312827,2.468782896054427
120,6000,6049,600.0000000000679,604.9000000000678,3.0,10.0,1,1,4.099503631570958,1.6995695492937546,0.8142370162115884,9.758553718037875
121,6050,6099,605.000000000069,609.900000000069,0.1,5.0,1,1,9.21849795050773,7.209338536574478,0.3090716917162942,43.80478380169652
122,6100,6149,610.0000000000701,614.9000000000701,0.1,1.0,0,0,,4.863987515271408,2.302215614056105,10.821567406974031
123,6150,6199,615.0000000000713,619.9000000000713,0.1,30.0,1,1,1.8752275038364252,1.1502638763877295,0.736281452244569,1.703389589114642
124,6200,6249,620.0000000000724,624.9000000000724,0.1,1.0,0,0,,1.8386220319827884,0.3211548672513036,0.8996346166539344
125,6250,6299,625.0000000000736,629.9000000000735,0.1,1.5,1,1,26.330250551617016,1.4683283166661925,0.5735560070361473,3.4178232037362197
126,6300,6349,630.0000000000747,634.9000000000747,0.1,1.0,0,0,,5.678518216538804,0.9440803104636756,16.841499530683286
127,6350,6399,635.0000000000758,639.9000000000758,0.1,30.0,1,1,0.9571204482540396,6.168896071069833,2.384768380137218,9.02985118260164
128,6400,6449,640.000000000077,644.900000000077,0.1,1.0,0,0,,0.815276965516172,0.5653724861962179,0.5345344191166872
129,6450,6499,645.0000000000781,649.9000000000781,0.1,30.0,1,1,1.81125373459784,2.741751673407143,0.0940436941121459,7.009644038581363
130,6500,6549,650.0000000000792,654.9000000000792,0.1,15.0,1,1,4.0064315579436505,5.581149287622192,0.08449925242744,12.851597400394748
131,6550,6599,655.0000000000804,659.9000000000804,0.1,1.0,0,0,,1.29445246793408,0.1682265016138301,1.441708880680211
132,6600,6649,660.0000000000815,664.9000000000815,0.1,30.0,1,1,1.810569582729431,1.5707000445053327,0.1169597846876418,2.172471672905432
133,6650,6699,665.0000000000827,669.9000000000826,0.1,1.0,0,0,,1.2274784469864075,0.2113320757707193,1.5215736287305492
134,6700,6749,670.0000000000838,674.9000000000838,0.1,15.0,1,1,3.622155294635813,1.0597731351064017,0.2438788159366708,2.394631311084084
135,6750,6799,675.0000000000849,679.9000000000849,0.1,1.0,0,0,,5.643909796237423,2.100797988254881,5.772192720123696
136,6800,6849,680.0000000000861,684.900000000086,0.1,0.3,1,1,39.77646373500363,4.64525631657653,1.9766788803363384,27.012272729298974
137,6850,6899,685.0000000000872,689.9000000000872,0.1,1.0,0,0,,10.884009497990728,1.474845760765422,44.01138578567518
138,6900,6949,690.0000000000883,694.9000000000883,0.1,30.0,1,1,1.1111322614217147,1.3220188193225308,0.588054433020522,2.580288746409907
139,6950,6999,695.0000000000895,699.9000000000894,0.1,15.0,1,1,1.8301382628994016,1.7264784923170964,0.6841099705815006,2.532069666964316
140,7000,7049,700.0000000000906,704.9000000000906,0.1,1.0,0,0,,2.6305464272055183,1.4872993029100976,1.020119518480302
141,7050,7099,705.0000000000917,709.9000000000917,0.1,15.0,1,1,3.562289979338113,2.109134858568895,0.1859373938207133,3.2125440503784133
142,7100,7149,710.0000000000929,714.9000000000929,0.1,1.0,0,0,,1.2791646750958838,0.7116972326256734,2.471827370825499
143,7150,7199,715.000000000094,719.900000000094,0.1,10.0,1,1,4.771497274652434,1.6517306007437482,0.211542704959682,2.2977129776874903
144,7200,7249,720.0000000000952,724.9000000000951,0.1,1.0,0,0,,2.070095156003505,0.4844343919677872,2.1726282300750213
145,7250,7299,725.0000000000963,729.9000000000963,0.1,15.0,1,1,2.5968814560706166,1.5224728469938993,0.1197903614463682,3.975024318608401
146,7300,7349,730.0000000000974,734.9000000000974,0.1,1.0,0,0,,2.9796436911333783,1.655519390958166,3.715373006697732
147,7350,7399,735.0000000000986,739.9000000000985,0.1,30.0,1,1,1.9263324454911075,2.1284559544606565,0.4140474536517253,4.634995020137168
148,7400,7449,740.0000000000997,744.9000000000997,1.0,20.0,1,1,2.5461632068855864,3.612667031007664,0.9241850701929988,7.332736458708877
149,7450,7499,745.0000000001008,749.9000000001008,0.1,1.0,0,0,,5.89257462437474,2.4580650527201007,3.2613937852853963
150,7500,7549,750.000000000102,754.900000000102,0.1,30.0,1,1,0.7052092984104873,1.725891739062317,1.0535609371371573,2.1864187522944523
151,7550,7599,755.0000000001031,759.9000000001031,0.1,1.0,0,0,,1.227995542193114,0.245554438876398,2.2588271953581223
152,7600,7649,760.0000000001043,764.9000000001042,0.1,30.0,1,1,0.8153866203141691,1.583842306158659,1.1181316460629882,1.8191792894945105
153,7650,7699,765.0000000001054,769.9000000001054,0.1,1.0,0,0,,1.457340853445344,0.95800563790588,1.8011116230544624
154,7700,7749,770.0000000001065,774.9000000001065,0.15,7.0,1,1,6.800764473924224,1.2362309799214335,0.2478011159345537,1.9529662010541455
155,7750,7799,775.0000000001077,779.9000000001076,0.1,1.0,0,0,,1.9846631883644223,0.4598697533711634,3.620783040331538
156,7800,7849,780.0000000001088,784.9000000001088,0.15,30.0,1,1,1.528824827557529,0.7324947000922312,0.2614461795226072,2.327246541903623
157,7850,7899,785.0000000001099,789.9000000001099,0.1,10.0,1,1,4.736201242903817,4.775797422057293,0.5688987229344648,12.13426829803566
158,7900,7949,790.0000000001111,794.900000000111,0.1,1.0,0,0,,2.0000729306266503,0.3471508687184385,4.305721595782134
159,7950,7999,795.0000000001122,799.9000000001122,0.1,30.0,1,1,1.8257691943895888,2.3022763222943943,0.5305034491930469,4.040493973060128
160,8000,8049,800.0000000001133,804.9000000001133,0.1,1.0,0,0,,3.941326894804495,0.3749470325807881,7.240834168429171
161,8050,8099,805.0000000001145,809.9000000001145,0.1,7.0,1,1,7.872671607465297,3.891251409781701,0.321538588645469,11.610828903621934
162,8100,8149,810.0000000001156,814.9000000001156,0.1,1.0,0,0,,9.404835489042114,0.8023148208116209,16.867956806207655
163,8150,8199,815.0000000001168,819.9000000001167,0.1,30.0,1,1,2.1048381584314013,1.976552851980442,0.5072247823100625,3.5154471630338664
164,8200,8249,820.0000000001179,824.9000000001179,0.1,1.0,0,0,,5.477621072625678,2.7312620683704147,0.8665288165341536
165,8250,8299,825.000000000119,829.900000000119,0.1,0.7,1,1,17.172655446417664,12.004799324499087,0.9097355591443014,91.24362653299652
166,8300,8349,830.0000000001202,834.9000000001201,0.1,2.0,1,1,11.116777308572894,3.043375361431237,2.0314996524554103,1.3967250861661895
167,8350,8399,835.0000000001213,839.9000000001213,0.1,1.0,0,0,,2.0963925900759097,1.2749019313739105,3.2494099316387364
168,8400,8449,840.0000000001224,844.9000000001224,0.1,30.0,1,1,1.3962612764787596,1.3651061932263446,1.041971982061326,1.0117227960131083
169,8450,8499,845.0000000001236,849.9000000001236,0.1,1.0,0,0,,2.984294825665296,0.2033844267248222,5.245798836447775
170,8500,8549,850.0000000001247,854.9000000001247,0.1,3.0,1,1,15.546994598861914,5.664498430679725,0.4163198335814179,26.249740237204204
171,8550,8599,855.0000000001259,859.9000000001258,0.1,1.0,0,0,,8.581715855583331,0.7575551707989194,19.090691090787992
172,8600,8649,860.000000000127,864.900000000127,0.1,30.0,1,1,1.377811223235585,1.2035051264548378,0.0958501189825249,1.6947601196430966
173,8650,8699,865.0000000001281,869.9000000001281,0.1,1.0,0,0,,2.024621428576274,0.6394602564454241,1.1277116046817284
174,8700,8749,870.0000000001293,874.9000000001292,0.15,10.0,1,1,2.782421404199515,5.265099396725455,0.0826912986266018,20.19729538248025
175,8750,8799,875.0000000001304,879.9000000001304,0.1,10.0,1,1,3.0673778078189478,0.95268851627871,0.5410839641222686,2.1259508773889952
176,8800,8849,880.0000000001315,884.9000000001315,0.1,1.0,0,0,,9.760877023272748,2.5231515111294405,49.72528925473689
177,8850,8899,885.0000000001327,889.9000000001326,0.1,1.5,1,1,11.15884174192146,5.540891118281795,1.8632020333329355,29.40396477821811
178,8900,8949,890.0000000001338,894.9000000001338,0.1,1.0,0,0,,4.730069867022911,1.0589943637800707,16.55799661147459
179,8950,8999,895.000000000135,899.9000000001349,0.1,1.0,1,1,13.19633072821924,4.654379606104559,1.676807414000764,22.94883520672015
180,9000,9049,900.0000000001361,904.9000000001361,0.1,1.0,0,0,,2.0378743536415045,1.274270054734624,3.1448794677410903
181,9050,9099,905.0000000001372,909.9000000001372,0.1,20.0,1,1,1.474972423192794,2.353169766193029,0.1080205493319049,6.596966261359336
182,9100,9149,910.0000000001384,914.9000000001383,0.1,1.0,0,0,,1.2006820672517973,0.114874161309145,2.8773833821808825
183,9150,9199,915.0000000001396,919.9000000001396,0.1,30.0,1,1,0.9172720002724706,1.00873298578346,0.1091101578581075,2.699821884166024
184,9200,9249,920.0000000001406,924.9000000001406,0.1,7.0,1,1,3.45006060726435,2.9710682782634,0.1187991214017969,9.313367928927832
185,9250,9299,925.0000000001418,929.9000000001417,0.1,1.0,0,0,,1.089650102817501,0.3135372980892663,3.486110316505995
186,9300,9349,930.0000000001428,934.9000000001428,0.1,0.7,1,1,9.442059828541376,4.153548742551037,2.096462118227145,28.320579058611123
187,9350,9399,935.000000000144,939.900000000144,0.1,1.0,0,0,,8.406517268359499,2.708330479285856,35.24535235135723
188,9400,9449,940.0000000001452,944.9000000001452,0.1,30.0,1,1,0.7072596168983776,0.9761583978108156,0.6705970333844139,0.8130175515135549
189,9450,9499,945.0000000001464,949.9000000001464,0.1,1.0,0,0,,3.4302105189364327,0.5211651817893129,11.441053634428664
190,9500,9549,950.0000000001476,954.9000000001475,0.1,30.0,1,1,1.135944572931954,1.4213908682911764,0.7821804600308343,2.543565099467775
191,9550,9599,955.0000000001486,959.9000000001486,0.1,1.0,0,0,,3.1061278591152264,1.19445432891707,3.4902226703753536
192,9600,9649,960.0000000001496,964.9000000001496,20.0,30.0,1,1,0.363278891577003,1.8674597845325436,1.066177630524423,14.756067663549384
193,9650,9699,965.0000000001507,969.9000000001507,0.1,1.5,1,1,9.3793881210012,7.884625292647971,1.7923874017639272,47.55506347908643
194,9700,9749,970.000000000152,974.900000000152,0.1,1.0,0,0,,7.404588822126719,0.6261714817766844,30.120669742806285
195,9750,9799,975.0000000001532,979.9000000001532,0.1,2.0,1,1,8.683669987335406,3.299839704468619,0.7778659975300868,20.20212759409578
196,9800,9849,980.0000000001544,984.9000000001544,0.1,1.0,0,0,,3.069009532411585,1.144997865328051,6.214604388584802
197,9850,9899,985.0000000001554,989.9000000001554,0.1,0.15,1,1,11.91883760874109,2.2739848384892274,0.830760066588354,44.1544592876479
198,9900,9949,990.0000000001564,994.9000000001564,0.1,1.0,0,0,,0.3789563069018575,0.1646832583177509,53.644097020257725
199,9950,9999,995.0000000001576,999.9000000001575,0.1,1.0,0,0,,0.7775295320849609,0.3651887759717515,11.22855474264004
200,10000,10049,1000.0000000001588,1004.9000000001588,0.1,1.0,0,0,,0.9698338028854332,0.3817922394060601,10.08654796298112
201,10050,10099,1005.00000000016,1009.9000000001599,0.1,1.0,0,0,,0.6948547703895397,0.2771603126842467,11.52034610442696
202,10100,10149,1010.0000000001612,1014.9000000001612,0.1,1.0,0,0,,0.5273138510618529,0.2677890560336773,111.285827657124
203,10150,10199,1015.0000000001622,1019.9000000001622,0.1,1.0,0,0,,0.1567152619138119,0.0798158755489077,28.27910969506025
204,10200,10249,1020.0000000001634,1024.9000000001633,0.1,1.0,0,0,,0.692800984567904,0.2510369581621547,34.21034003826408
205,10250,10299,1025.0000000001633,1029.9000000001633,30.0,0.1,1,1,0.1956886948250118,2.264652058828365,1.629201939441452,100.73300194986788
206,10300,10349,1030.0000000001587,1034.9000000001588,0.1,1.0,0,0,,3.177283454511794,1.3194775213688994,10.998034923448472
207,10350,10399,1035.0000000001542,1039.9000000001543,0.1,0.7,1,1,12.694111859231503,3.15202579410653,1.733688559591121,19.855585459773216
208,10400,10449,1040.0000000001496,1044.9000000001497,0.1,1.0,0,0,,3.9687425125468936,0.931634848860166,11.024879751480064
209,10450,10499,1045.000000000145,1049.9000000001452,30.0,15.0,1,1,0.0786091353006569,1.7307985629921303,0.8147248350827335,14.055317457800191
210,10500,10549,1050.0000000001403,1054.9000000001404,0.1,1.0,0,0,,0.4370474184045577,0.1456452941787525,4.7249637150384975
211,10550,10599,1055.000000000136,1059.900000000136,30.0,0.1,1,1,0.1791748972565901,2.6153015868593887,2.274476759592132,46.2250988747566
212,10600,10649,1060.0000000001314,1064.9000000001315,0.1,1.0,0,0,,2.5365124514289383,0.7720148666790356,7.869799218747948
213,10650,10699,1065.0000000001269,1069.900000000127,30.0,30.0,1,1,0.0672949624367288,1.1767535687327182,0.786326867163908,13.125489319445675
214,10700,10749,1070.0000000001223,1074.9000000001224,0.1,1.0,0,0,,8.347052810776946,2.444948492048431,40.47531681582319
215,10750,10799,1075.0000000001178,1079.9000000001179,0.2,5.0,1,1,3.638748627034972,2.230572956058105,0.3576165176010605,18.98435993071352
216,10800,10849,1080.0000000001132,1084.9000000001133,0.1,2.0,1,1,9.991350049644804,8.917165405801363,1.6019672167209775,33.97396884794424
217,10850,10899,1085.000000000109,1089.900000000109,0.1,1.0,0,0,,1.3878178761828663,0.1068825641450297,2.820790983852221
218,10900,10949,1090.000000000104,1094.900000000104,0.1,30.0,1,1,0.7790753428593634,0.7535784050586457,0.1264366194492308,1.717028703733218
219,10950,10999,1095.0000000000996,1099.9000000000997,0.1,1.0,0,0,,1.937449814425665,0.4482244292171397,2.250410016065152
220,11000,11049,1100.000000000095,1104.9000000000951,0.1,30.0,1,1,0.7658916067904464,0.8963945992136569,0.2864820402949974,6.12470863963675
221,11050,11099,1105.0000000000905,1109.9000000000906,0.1,1.0,0,0,,16.145745041720943,0.5730525186733318,67.41993137378246
222,11100,11149,1110.000000000086,1114.900000000086,0.1,30.0,1,1,0.8415998038537272,1.398398094262404,0.7033488421769134,3.38253385992352
223,11150,11199,1115.0000000000814,1119.9000000000815,0.1,1.0,0,0,,0.9997057000253038,0.2296788609159744,1.3030811319581976
224,11200,11249,1120.0000000000769,1124.900000000077,0.1,30.0,1,1,0.9509429782853208,0.8599546203094148,0.3624563557944206,1.4105831154252315
225,11250,11299,1125.0000000000723,1129.9000000000724,0.1,30.0,1,1,0.9830099051132954,1.1967986849426635,0.0831389030129956,2.4062998241737565
226,11300,11349,1130.0000000000678,1134.9000000000678,0.1,1.0,0,0,,1.625631254269788,0.195474706240169,2.955037070231263
227,11350,11399,1135.0000000000632,1139.9000000000633,0.1,7.0,1,1,4.466247133137858,2.496601030490904,0.5639785906721891,8.335043019476783
228,11400,11449,1140.000000000059,1144.900000000059,0.1,1.0,0,0,,0.7275231689405516,0.3718181481710946,1.1443576401835631
229,11450,11499,1145.000000000054,1149.900000000054,0.1,1.5,1,1,10.520648002151605,3.639259676384313,1.040422869180032,33.07528175877936
230,11500,11549,1150.0000000000496,1154.9000000000497,0.1,1.0,0,0,,4.133046365397759,0.5607112518311823,14.67901629758628
231,11550,11599,1155.000000000045,1159.900000000045,0.1,1.5,1,1,10.591892638162976,3.104045485078578,0.4590821433955254,21.69693550879452
232,11600,11649,1160.0000000000405,1164.9000000000406,0.1,1.0,0,0,,5.349484687587643,1.1784917613591177,13.364819169546529
233,11650,11699,1165.000000000036,1169.900000000036,0.1,30.0,1,1,0.3631424879766803,2.029317700534633,1.234309866205595,4.035780515566176
234,11700,11749,1170.0000000000314,1174.9000000000315,0.1,7.0,1,1,2.394806079069093,2.0675390554701365,0.1551370899308961,10.63886977601157
235,11750,11799,1175.0000000000268,1179.900000000027,0.1,1.0,0,0,,1.89011106733422,0.3732582216980832,7.171473258692499
236,11800,11849,1180.0000000000225,1184.9000000000226,0.1,20.0,1,1,0.3676737444446298,3.7122416969213514,1.234447797893572,4.469102518043797
237,11850,11899,1185.0000000000175,1189.9000000000176,0.1,1.0,0,0,,2.929998987440096,1.7957643527253098,3.534625122342712
238,11900,11949,1190.0000000000132,1194.9000000000133,0.2,15.0,1,1,1.6183094525254424,1.8740333228727888,0.2479563700257527,3.829022266452191
239,11950,11999,1195.0000000000086,1199.9000000000087,0.1,1.0,0,0,,1.067935266770606,0.0864922511275528,2.827697833087535
240,12000,12049,1200.000000000004,1204.9000000000042,5.0,30.0,1,1,0.6417483250161469,1.3591211205422706,0.6164566347436835,3.2825163010374263
241,12050,12099,1204.9999999999995,1209.8999999999996,0.1,1.0,0,0,,3.1944217348677744,1.9487357371474128,4.333518679221768
242,12100,12149,1209.999999999995,1214.899999999995,0.1,0.2,1,1,9.690017324292816,5.870775238201678,2.755680718156323,82.73713941531639
243,12150,12199,1214.9999999999905,1219.8999999999905,0.1,3.0,1,1,4.60647735116669,1.1469138095146842,0.7423648767573634,3.1286274745653424
244,12200,12249,1219.999999999986,1224.899999999986,0.1,1.0,0,0,,4.40996905004362,1.1706477683377694,30.38203560134803
245,12250,12299,1224.9999999999814,1229.8999999999814,0.1,2.0,1,1,6.653533515675682,4.135470293556554,1.4656746205493658,19.365769113166543
246,12300,12349,1229.9999999999768,1234.899999999977,0.1,1.0,0,0,,1.7295609420334623,0.2275068046737334,5.886643623613926
247,12350,12399,1234.9999999999725,1239.8999999999726,0.1,30.0,1,1,0.4890382608748798,1.3226708402691982,0.8881037799384179,1.6857196272985946
248,12400,12449,1239.9999999999677,1244.8999999999678,0.1,1.0,0,0,,2.5232438344336554,0.8791511260388107,2.7481143258845786
249,12450,12499,1244.9999999999632,1249.8999999999633,0.1,30.0,1,1,0.5491995771326408,1.472974774852187,0.5545649123554669,12.277804811853612
250,12500,12549,1249.9999999999586,1254.8999999999587,0.1,1.0,0,0,,5.455913221368201,0.9794259429883516,19.486096488494532
251,12550,12599,1254.999999999954,1259.8999999999542,0.1,1.0,1,1,5.390740448019611,4.005598709155652,0.8208941576878078,48.60191686062653
252,12600,12649,1259.9999999999495,1264.8999999999496,0.1,1.0,0,0,,3.6778208392664498,1.2164857277181818,12.662668375356834
253,12650,12699,1264.999999999945,1269.899999999945,0.1,30.0,1,1,0.562688603795441,1.446016984555969,0.5412748688418596,5.4098998159107134
254,12700,12749,1269.9999999999404,1274.8999999999405,0.1,1.0,1,1,13.73551154266187,1.7276523759324736,0.401258071476073,18.213796168463656
255,12750,12799,1274.999999999936,1279.8999999999362,0.1,1.0,0,0,,6.229519526556693,0.9184460608306212,23.58337529632186
256,12800,12849,1279.999999999931,1284.8999999999312,0.15,15.0,1,1,1.0770435828605236,3.101244274747529,0.0959109306227618,28.683511784358284
257,12850,12899,1284.9999999999268,1289.8999999999269,0.1,1.0,0,0,,3.1189751725169232,0.988592807413886,9.43192890583008
258,12900,12949,1289.9999999999222,1294.8999999999223,0.1,0.5,1,1,24.867521415499656,3.781138381081666,0.5694694591018437,35.48666809155171
259,12950,12999,1294.9999999999177,1299.8999999999178,0.1,1.0,0,0,,2.5288079091753186,1.3423631498163768,3.733267461455207
260,13000,13049,1299.9999999999131,1304.8999999999132,0.1,7.0,1,1,2.263544466667265,5.838751640650138,0.3829491640369046,24.939237046632066
261,13050,13099,1304.9999999999086,1309.8999999999087,0.15,10.0,1,1,1.59866785793374,0.598699280849745,0.1580110418116218,0.9686320421570968
262,13100,13149,1309.999999999904,1314.8999999999041,0.1,1.0,0,0,,1.6673773319113945,0.9453286130096448,2.685646538365345
263,13150,13199,1314.9999999998995,1319.8999999998996,2.0,15.0,1,1,0.8014811725137053,1.912125910170748,0.4943484069797249,18.181565879207437
264,13200,13249,1319.999999999895,1324.899999999895,0.1,1.0,0,0,,11.306400730923794,1.2977344588106698,47.42478592756391
265,13250,13299,1324.9999999998904,1329.8999999998905,0.1,30.0,1,1,0.4972482145186384,1.0014325392867958,0.241928103531311,2.5681092526316758
266,13300,13349,1329.999999999886,1334.8999999998862,0.1,1.0,0,0,,0.7601839390402009,0.315814762746375,1.411579044787133
267,13350,13399,1334.9999999998813,1339.8999999998814,0.1,3.0,1,1,4.628203022928657,1.7547310560903022,0.5748101141766494,5.056171783490371
268,13400,13449,1339.9999999998768,1344.8999999998769,0.1,1.0,0,0,,4.336178791578658,0.1558332237188635,30.50326213629247
269,13450,13499,1344.9999999998722,1349.8999999998723,0.7,3.0,1,1,3.618570238969312,0.7899987118333057,0.4303518716160737,3.940188053911032
270,13500,13549,1349.9999999998677,1354.8999999998678,30.0,0.1,1,1,0.2340466814224499,5.57120195895936,1.1341758178868329,66.76141682438994
271,13550,13599,1354.9999999998631,1359.8999999998632,0.1,1.0,0,0,,1.6802250333202158,1.1569731833644867,1.422135408777368
272,13600,13649,1359.9999999998586,1364.8999999998587,0.1,30.0,1,1,0.6788699610587491,1.047822956755236,0.4369637507429958,2.5142242395850287
273,13650,13699,1364.999999999854,1369.8999999998541,0.1,1.0,0,0,,3.024811421464426,1.3076548214811228,3.598054641765686
274,13700,13749,1369.9999999998497,1374.8999999998498,30.0,0.1,1,1,0.6078369357840683,5.147478074056651,1.9947002584774716,89.14509976261881
275,13750,13799,1374.999999999845,1379.899999999845,0.1,1.0,0,0,,0.8710717499682272,0.7259798555580497,1.6692098953053476
276,13800,13849,1379.9999999998404,1384.8999999998405,0.1,20.0,1,1,0.966257265693063,1.8770355675094683,0.1139726927721374,9.764226136389814
277,13850,13899,1384.9999999998358,1389.899999999836,0.1,1.0,0,0,,1.3482965724778395,0.367325357847888,4.240318572495696
278,13900,13949,1389.9999999998313,1394.8999999998314,0.1,15.0,1,1,1.180038563787144,1.3388845757436234,0.2529000970384658,3.17399067085528
279,13950,13999,1394.9999999998267,1399.8999999998268,0.1,30.0,1,1,0.6831906290842067,0.6857459966710516,0.1003043950627448,1.0446722212421742
280,14000,14049,1399.9999999998222,1404.8999999998223,0.1,1.0,0,0,,0.8687739034391716,0.1769826462056126,2.11034049359122
281,14050,14099,1404.9999999998176,1409.8999999998177,0.2,30.0,1,1,0.6977854632769647,0.6566905430295042,0.0799703039781453,0.6551293783961681
282,14100,14149,1409.999999999813,1414.8999999998132,0.1,1.0,0,0,,1.677815732044589,0.757477975857432,2.3456869842708845
283,14150,14199,1414.9999999998086,1419.8999999998086,0.1,0.3,1,1,14.34169997619741,2.3446571058428263,0.9622546985618112,26.741012206108238
284,14200,14249,1419.999999999804,1424.899999999804,0.1,1.0,0,0,,5.755575867541003,2.590426678657637,14.49275685394173
285,14250,14299,1424.9999999997997,1429.8999999997998,1.0,30.0,1,1,0.5773784102650715,1.70204584159287,0.9326746226834468,13.540787949753405
286,14300,14349,1429.999999999795,1434.899999999795,0.1,1.0,0,0,,5.317118291677249,2.179344445256491,14.336072033258004
287,14350,14399,1434.9999999997904,1439.8999999997905,0.1,30.0,1,1,0.0290083022209809,5.635012587621782,2.518780885212039,39.557965085361765
288,14400,14449,1439.9999999997858,1444.899999999786,0.1,3.0,1,1,7.583216883790516,2.170644512134655,1.393158510004895,2.412577753307095
289,14450,14499,1444.9999999997813,1449.8999999997814,0.1,1.0,0,0,,1.295679368251932,0.1139980727444656,2.6009809683279577
290,14500,14549,1449.9999999997767,1454.8999999997768,0.1,30.0,1,1,0.8446679531064515,0.9485549494100624,0.2446211509092479,1.6839551728919162
291,14550,14599,1454.9999999997722,1459.8999999997723,0.1,1.0,0,0,,1.3001713415037068,0.0764158040361843,2.3767423715341334
292,14600,14649,1459.9999999997676,1464.8999999997677,0.3,30.0,1,1,0.868151192957829,0.9712162111291204,0.0762480619813245,0.8129752923874232
293,14650,14699,1464.999999999763,1469.8999999997632,0.1,1.0,0,0,,3.3608811769150138,0.2417511771436651,12.46728410566504
294,14700,14749,1469.9999999997583,1474.8999999997584,0.1,30.0,1,1,0.8696937694997146,0.6596742873195502,0.2933404330003411,1.20102246931457
295,14750,14799,1474.999999999754,1479.899999999754,0.1,1.0,0,0,,1.3212598136436495,0.2525635373752563,1.4149720191754656
296,14800,14849,1479.9999999997494,1484.8999999997495,0.1,30.0,1,1,0.7645237251969489,1.5678738255584257,0.3623975877559642,3.620999639339309
297,14850,14899,1484.999999999745,1489.899999999745,0.1,10.0,1,1,3.598876534806571,6.569620863910055,0.0999518442434074,21.545125517553217
298,14900,14949,1489.9999999997403,1494.8999999997404,0.1,1.0,0,0,,8.434902823736666,2.0799421115400274,54.70817031319069
299,14950,14999,1494.9999999997358,1499.8999999997359,0.1,2.0,1,1,7.71809331287209,2.357675792251121,1.6252619315883323,2.326591459514768
300,15000,15049,1499.9999999997312,1504.8999999997313,0.1,1.0,0,0,,2.473421388537369,1.1153040722103025,1.7200908544750573
301,15050,15099,1504.9999999997267,1509.8999999997268,0.1,0.1,1,1,19.12779614466264,4.846966769303298,2.507366480141246,62.18608679235948
302,15100,15149,1509.999999999722,1514.899999999722,0.1,1.0,0,0,,2.0114424873091115,1.1642858097128703,0.8749658877930194
303,15150,15199,1514.9999999997176,1519.8999999997177,0.1,30.0,1,1,0.6096293151186191,1.0447745098286676,0.3749334732573894,2.159259847221716
304,15200,15249,1519.999999999713,1524.8999999997131,0.1,1.0,0,0,,0.7618887574690564,0.1514243596391802,2.181270452849944
305,15250,15299,1524.9999999997085,1529.8999999997086,0.1,30.0,1,1,0.5643538139267319,0.5896795371951493,0.1884258958203384,1.3601225229155094
306,15300,15349,1529.999999999704,1534.899999999704,0.1,1.0,0,0,,5.957330488428402,2.8108972032843185,12.23578813637355
307,15350,15399,1534.9999999996994,1539.8999999996995,0.1,30.0,1,1,0.0961711564786768,8.382444634010964,2.76875353173904,64.90551623261265
308,15400,15449,1539.9999999996949,1544.899999999695,0.1,15.0,1,1,1.168636494448798,1.3757327274210274,0.7999934570373055,2.7969450417209343
309,15450,15499,1544.9999999996903,1549.8999999996904,0.1,1.0,0,0,,1.5627703390164285,0.7160989538724372,1.738931854889129
310,15500,15549,1549.9999999996858,1554.8999999996859,2.0,0.1,1,1,0.6100076533713592,2.1657220376737563,1.3487487804153693,4.6093553882016405
311,15550,15599,1554.9999999996812,1559.8999999996813,0.1,1.0,0,0,,0.2174642870171408,0.0905402540713558,0.9530202624050884
312,15600,15649,1559.999999999677,1564.899999999677,0.1,1.0,0,0,,0.0886170544019837,0.0305864562040511,1.1168422198249357
313,15650,15699,1564.999999999672,1569.899999999672,0.1,1.0,0,0,,0.0868163379957252,0.0196284672941046,0.98660816987862
314,15700,15749,1569.9999999996676,1574.8999999996677,0.3,0.1,1,1,43.85782685856005,1.9821417459329564,2.032742973824306,43.07992380035378
315,15750,15799,1574.999999999663,1579.8999999996631,0.1,1.0,0,0,,7.197278968343472,3.5429177409310544,5.383718773244437
316,15800,15849,1579.9999999996585,1584.8999999996586,0.1,3.0,1,1,7.859309171243749,6.403534300577455,1.606131365031122,44.52754489951859
317,15850,15899,1584.999999999654,1589.899999999654,0.1,1.0,0,0,,12.77207560318306,0.6055029127099067,60.79643067873775
318,15900,15949,1589.9999999996494,1594.8999999996495,0.1,30.0,1,1,0.8736646916369112,1.282137702686633,0.4372909475647193,3.621334597095261
319,15950,15999,1594.9999999996448,1599.899999999645,0.1,1.0,0,0,,0.7520435081673944,0.2978024794470514,1.4138947023013844
320,16000,16049,1599.9999999996403,1604.8999999996404,0.1,3.0,1,1,7.374281054680905,0.9755044081493078,0.2036663676383147,3.246992144588228
321,16050,16099,1604.9999999996355,1609.8999999996356,0.1,1.0,0,0,,15.352311077603533,2.086722204573911,82.91071457064217
322,16100,16149,1609.9999999996312,1614.8999999996313,0.1,30.0,1,1,0.3090954082044678,13.366038672036888,1.6490695791688743,62.68909782889119
323,16150,16199,1614.9999999996269,1619.899999999627,0.1,10.0,1,1,2.0194135850143864,2.7268399118412616,0.646258172959832,8.682099103996421
324,16200,16249,1619.999999999622,1624.8999999996222,0.1,1.0,0,0,,5.301109954002815,2.2936376125015463,12.28791891917566
325,16250,16299,1624.9999999996176,1629.8999999996176,0.1,1.5,1,1,9.269327998233807,2.7393612228248663,2.0698748450168294,8.522532655690739
326,16300,16349,1629.999999999613,1634.899999999613,0.1,1.0,0,0,,1.8293927185193424,0.3406706806194456,6.437408514496191
327,16350,16399,1634.9999999996085,1639.8999999996086,0.1,30.0,1,1,0.7563844555352056,1.8279308123782152,0.1831051756989613,6.381951887365478
328,16400,16449,1639.999999999604,1644.899999999604,0.1,1.0,0,0,,2.93868642197173,0.2783452397717673,9.816853837343697
329,16450,16499,1644.9999999995994,1649.8999999995995,0.1,10.0,1,1,2.368004557493636,1.190591129225034,0.1537902919172998,1.5787785711256108
330,16500,16549,1649.9999999995948,1654.899999999595,0.1,1.0,0,0,,1.1872287637707215,0.3914070629530347,3.453091164520221
331,16550,16599,1654.9999999995905,1659.8999999995906,0.1,30.0,1,1,0.9064716295492152,1.0073513356320285,0.1064902714122581,1.1512657821692285
332,16600,16649,1659.9999999995855,1664.8999999995856,0.1,7.0,1,1,9.205816909997043,9.163797005006884,2.1830415490393262,60.42098910722611
333,16650,16699,1664.9999999995812,1669.8999999995813,0.1,1.0,0,0,,1.665219826377471,0.8009142409388262,2.9335624741163557
334,16700,16749,1669.9999999995766,1674.8999999995767,0.1,0.1,1,1,12.18746484094918,4.2106736760525445,1.5441710951713865,45.6874902346738
335,16750,16799,1674.999999999572,1679.8999999995722,0.1,1.0,0,0,,2.534822004042298,1.2448618859972007,4.893533816380201
336,16800,16849,1679.9999999995675,1684.8999999995676,0.1,0.1,1,1,16.19113205175804,4.274079821017335,1.2169527003830662,82.30064331761463
337,16850,16899,1684.999999999563,1689.899999999563,0.1,1.0,0,0,,1.1589084483012693,0.5663523966564619,145.9825273575571
338,16900,16949,1689.9999999995584,1694.8999999995585,0.1,1.0,0,0,,0.9183408136909323,0.3244326310053372,25.795816379129917
339,16950,16999,1694.999999999554,1699.899999999554,0.1,1.0,0,0,,1.7058129023232569,1.1235118673814213,123.09221904004876
340,17000,17049,1699.9999999995491,1704.8999999995492,0.1,30.0,1,1,0.1276919427453824,3.803907177925731,1.9375032074989076,17.347739289669452
341,17050,17099,1704.9999999995448,1709.899999999545,0.1,2.0,1,1,4.369876042563685,3.185973246222935,0.849922088935047,39.53178100782738
342,17100,17149,1709.9999999995405,1714.8999999995406,0.1,1.0,0,0,,4.226588186759923,1.1984121014707134,16.820549411133076
343,17150,17199,1714.9999999995357,1719.8999999995358,30.0,5.0,1,1,0.0366688602968607,1.8166233811136685,1.2039660021759544,2.312024722601208
344,17200,17249,1719.9999999995312,1724.8999999995312,0.1,1.0,0,0,,0.8861854053307364,0.6578383047006789,14.974714228383426
345,17250,17299,1724.9999999995266,1729.8999999995267,30.0,1.5,1,1,0.6795366496455506,4.335076722823684,4.062626890196026,14.926470640210816
346,17300,17349,1729.999999999522,1734.8999999995222,0.1,1.0,0,0,,3.139578267558403,0.2555898584477963,11.993851874380503
347,17350,17399,1734.9999999995175,1739.8999999995176,0.1,1.0,1,1,14.656257519128262,12.63960894735674,0.3402423633172264,78.70993218774099
348,17400,17449,1739.999999999513,1744.899999999513,0.1,1.0,0,0,,9.087692966338205,1.1545643038644076,33.29192141417654
349,17450,17499,1744.9999999995084,1749.8999999995085,0.1,30.0,1,1,0.6803919304247243,3.404308053490384,0.751856443085706,10.712362966385838
350,17500,17549,1749.999999999504,1754.8999999995042,0.1,10.0,1,1,2.648149098489532,1.08318510573222,0.1368966525773221,2.202388558855512
351,17550,17599,1754.999999999499,1759.8999999994992,0.1,1.0,0,0,,0.7986209122509745,0.5160020620486888,1.155654101314176
352,17600,17649,1759.9999999994948,1764.8999999994949,0.1,30.0,1,1,1.0158233320940169,1.204548946264011,0.8365152578984327,0.7700598673403634
353,17650,17699,1764.9999999994902,1769.8999999994903,0.1,1.0,0,0,,2.0525035112718286,0.0461632905645675,4.961271328209098
354,17700,17749,1769.9999999994857,1774.8999999994858,0.1,30.0,1,1,1.131127314469491,2.07718118384542,0.0930180766383645,5.405420671222755
355,17750,17799,1774.9999999994811,1779.8999999994812,0.1,1.0,0,0,,4.824984847244741,2.0623096030959447,19.416352770016044
356,17800,17849,1779.9999999994766,1784.8999999994767,0.1,30.0,1,1,0.3655049897916555,9.87515706037808,1.2990620170480012,43.38029058347748
357,17850,17899,1784.999999999472,1789.8999999994721,0.7,2.0,1,1,2.754818548376321,4.0212556476696175,2.127523649907074,3.3916886709291214
358,17900,17949,1789.9999999994675,1794.8999999994676,0.1,1.0,0,0,,4.950890276412999,0.4733808751550024,77.63373625492501
359,17950,17999,1794.999999999463,1799.899999999463,0.1,1.0,0,0,,1.3392909808781264,0.7177430678501585,118.98743203389924
360,18000,18049,1799.9999999994584,1804.8999999994585,0.1,1.0,0,0,,1.8781984183527387,0.68492721913523,49.90842244234933
361,18050,18099,1804.9999999994536,1809.8999999994537,30.0,0.5,1,1,0.924033892466276,3.049237316383057,3.0472666575273224,30.985451454153345
362,18100,18149,1809.9999999994493,1814.8999999994494,0.1,1.0,0,0,,1.7770555921962248,0.4903277119110225,5.940560451793971
363,18150,18199,1814.9999999994448,1819.8999999994448,30.0,3.0,1,1,0.0862423018554061,1.1137796266550837,0.7959148043787885,6.590296413684
364,18200,18249,1819.99999999944,1824.89999999944,0.1,1.0,0,0,,4.014974784054584,2.7070191566514814,64.51772414629768
365,18250,18299,1824.999999999436,1829.8999999994362,0.1,30.0,1,1,0.4190676126144259,4.612100617856425,1.817514879461543,11.008321595341696
366,18300,18349,1829.999999999431,1834.8999999994312,0.1,30.0,1,1,0.8819902240438661,1.3654738225370102,0.1646677545962006,2.6266620904356
367,18350,18399,1834.9999999994263,1839.8999999994264,0.1,1.0,0,0,,1.354822162626088,0.222828931288276,0.6712938548187596
368,18400,18449,1839.999999999422,1844.899999999422,0.1,30.0,1,1,0.8487810644928404,0.9380390021679548,0.1209010980042377,0.9310108195249304
369,18450,18499,1844.9999999994168,1849.8999999994169,0.1,1.0,0,0,,0.5179008189614316,0.2195317898680772,0.5120616723223397
370,18500,18549,1849.999999999413,1854.899999999413,0.1,30.0,1,1,0.8914575637239609,2.238790471796446,0.0778097379526054,6.086472647445137
371,18550,18599,1854.9999999994084,1859.8999999994085,0.1,1.0,0,0,,1.156874272801539,0.1708692305214786,3.263058610420237
372,18600,18649,1859.999999999404,1864.8999999994041,0.1,30.0,1,1,0.8500077907455086,5.316796586878865,0.2554171241027047,18.629435823805007
373,18650,18699,1864.9999999993995,1869.8999999993996,0.1,1.0,0,0,,5.397489111892551,2.786658428526612,7.114595678780997
374,18700,18749,1869.9999999993947,1874.8999999993948,0.1,30.0,1,1,0.1884766081406633,8.875592700675993,2.1495930709918287,62.74652158756182
375,18750,18799,1874.9999999993904,1879.8999999993905,0.2,0.5,1,1,13.582966091009276,1.9337820691526704,1.1036529602536178,6.646405280299766
376,18800,18849,1879.9999999993856,1884.8999999993857,0.1,1.0,0,0,,4.107912513629333,1.6110859926700285,1.9965222118396548
377,18850,18899,1884.999999999381,1889.8999999993812,0.1,1.0,0,0,,0.1008145445123126,0.0250923132454283,1.491816964672378
378,18900,18949,1889.9999999993763,1894.8999999993764,0.1,1.0,0,0,,0.0298545640785479,0.0129194655132785,1.5837372796910014
379,18950,18999,1894.999999999372,1899.899999999372,0.1,1.0,0,0,,0.0711426659531696,0.0092418190368053,1.7130744895120618
380,19000,19049,1899.999999999368,1904.899999999368,0.1,1.0,0,0,,0.1379944244970503,0.0522923600165389,2.432032032621388
381,19050,19099,1904.999999999363,1909.899999999363,0.1,0.15,1,1,9.454719605332455,3.834468134380879,3.4924203696850475,5.167862089701404
382,19100,19149,1909.9999999993584,1914.8999999993584,0.1,1.0,0,0,,1.4063781993679694,0.9158633025576868,1.48171412255969
383,19150,19199,1914.9999999993536,1919.8999999993537,0.1,30.0,1,1,0.9188601892479668,1.2064023627339422,0.7940432940292674,1.2960869241798754
384,19200,19249,1919.9999999993493,1924.8999999993493,0.1,30.0,1,1,1.1336576218367451,0.9559395026385876,0.1532618074841465,0.4192796640193839
385,19250,19299,1924.9999999993447,1929.8999999993448,0.1,1.0,0,0,,1.1075914787440864,0.1811483336198661,1.825747102122704
386,19300,19349,1929.99999999934,1934.89999999934,0.1,30.0,1,1,1.1588566214229754,0.9683363965285148,0.1461770586497708,1.3068394040875146
387,19350,19399,1934.999999999336,1939.8999999993362,0.1,1.0,0,0,,0.9272240870697146,0.3510213237176699,1.1457331774827186
388,19400,19449,1939.999999999331,1944.8999999993312,0.1,10.0,1,1,3.917690241839507,0.9033265002399964,0.1300880894078376,1.2484689035394871
389,19450,19499,1944.9999999993263,1949.8999999993264,0.1,1.0,0,0,,5.327901743844735,2.3893725260317016,7.205967358176815
390,19500,19549,1949.999999999322,1954.899999999322,0.1,0.1,1,1,42.42127884587068,6.072091284799962,3.348677912210684,30.74785997901457
391,19550,19599,1954.9999999993167,1959.8999999993168,0.1,1.0,0,0,,1.1286701963427763,0.0810243908004952,2.848996717351855
392,19600,19649,1959.9999999993129,1964.899999999313,0.1,5.0,1,1,6.168867472007678,4.423082091724205,0.2275204878720315,15.900871607895091
393,19650,19699,1964.9999999993083,1969.8999999993084,0.1,1.0,0,0,,4.940912817556453,1.3611557234427374,12.474908789193892
394,19700,19749,1969.999999999304,1974.899999999304,0.1,30.0,1,1,0.3861398525950784,14.016741674609944,1.261565182534274,73.28406161237196
395,19750,19799,1974.9999999992992,1979.8999999992993,0.1,5.0,1,1,4.026629581349392,2.0920872057029176,0.413249727210536,10.586049717880584
396,19800,19849,1979.9999999992947,1984.8999999992948,0.1,1.0,0,0,,7.135110741469814,2.031509338430068,41.984484401594585
397,19850,19899,1984.99999999929,1989.89999999929,0.1,1.0,1,1,8.548469458424696,4.425089423876862,2.436891315313426,11.830756939652678
398,19900,19949,1989.9999999992856,1994.8999999992857,0.1,1.0,0,0,,0.968503975028028,0.7167937019071882,1.058578984769938
399,19950,19999,1994.999999999281,1999.8999999992811,0.1,30.0,1,1,0.678832505842531,1.062225544141467,0.1923014884363188,2.88329423952809
400,20000,20049,1999.9999999992765,2004.8999999992766,0.1,1.0,0,0,,2.735876519833845,0.3484173859640707,13.568335454507023
401,20050,20099,2004.999999999272,2009.899999999272,0.1,30.0,1,1,0.4243575412498258,4.000389406027096,0.6063714594585731,14.002877433687487
402,20100,20149,2009.999999999268,2014.8999999992682,0.1,0.1,1,1,13.2386541613857,6.014918617691618,1.087763664608431,51.64378230981958
403,20150,20199,2014.9999999992629,2019.899999999263,0.1,1.0,0,0,,2.468492654010542,1.3608977592201648,2.104101092089718
404,20200,20249,2019.9999999992583,2024.8999999992584,0.1,3.0,1,1,6.571611962422364,3.418154304426174,0.4914420396406125,19.96789020906244
405,20250,20299,2024.9999999992533,2029.8999999992534,0.1,1.0,0,0,,1.6084127104251469,0.834810056679095,2.4484871761272005
406,20300,20349,2029.9999999992488,2034.8999999992488,0.1,10.0,1,1,1.9961183708081969,1.1413682754776442,0.1341063487073933,4.686997581399349
407,20350,20399,2034.999999999245,2039.899999999245,0.1,1.0,0,0,,10.858181455115048,0.7646612988444269,47.03765641876191
408,20400,20449,2039.99999999924,2044.89999999924,0.1,30.0,1,1,0.548652637100146,2.538828083424581,0.7393986785616952,8.18670735054692
409,20450,20499,2044.999999999236,2049.899999999236,0.1,1.0,0,0,,0.8189506577715142,0.2142887151502693,3.689546166880862
410,20500,20549,2049.999999999231,2054.899999999231,0.1,30.0,1,1,0.6619023267507974,3.4037098718058303,0.2253598822282055,13.634924491662918
411,20550,20599,2054.9999999992265,2059.8999999992266,0.2,0.5,1,1,7.217695742220882,4.5684276110197946,2.36178577260212,4.55682768890615
412,20600,20649,2059.999999999222,2064.899999999222,0.1,1.0,0,0,,2.8990460800625653,1.2869319049197594,71.26519622537128
413,20650,20699,2064.9999999992174,2069.8999999992175,20.0,3.0,1,1,0.8868372025188407,2.196208148197841,2.200884953414793,105.87403583081816
414,20700,20749,2069.999999999213,2074.899999999213,0.1,1.0,0,0,,8.188451092232778,2.3753288007954647,28.33469274478461
415,20750,20799,2074.9999999992083,2079.8999999992084,0.1,3.0,1,1,6.361949645559008,1.760190839450463,0.3266000341739717,5.87758609244289
416,20800,20849,2079.999999999204,2084.8999999992043,0.1,1.0,0,0,,4.007009848870485,2.167152666729071,6.854146804131943
417,20850,20899,2084.999999999199,2089.8999999991993,30.0,1.0,1,1,0.7409556120281582,3.7996446038730336,3.5252888245480687,16.920973321653936
418,20900,20949,2089.999999999194,2094.8999999991943,0.1,1.0,0,0,,0.9681834669596708,0.5864347057228497,2.300537581748669
419,20950,20999,2094.99999999919,2099.89999999919,0.2,5.0,1,1,3.277489231523416,1.902012685209884,0.2713793220347283,19.87639094213858
420,21000,21049,2099.999999999185,2104.899999999185,30.0,0.1,1,1,0.6635559179448447,14.273730547168723,1.7724270507744464,97.52067732445728
421,21050,21099,2104.999999999181,2109.899999999181,0.1,1.0,0,0,,3.4870346694915435,0.5105251342887835,13.738563417490056
422,21100,21149,2109.9999999991765,2114.8999999991765,3.0,15.0,1,1,0.6176869817714856,4.465280478932662,1.5807996346051056,22.31262682189169
423,21150,21199,2114.999999999172,2119.899999999172,0.1,1.0,0,0,,2.3137562644451,1.0384043814517594,1.1130238548272926
424,21200,21249,2119.999999999168,2124.899999999168,3.0,15.0,1,1,0.1130625846737027,1.811694950340156,0.9110217588461996,3.7417397569163695
425,21250,21299,2124.999999999163,2129.899999999163,0.1,1.0,0,0,,0.8878826373588413,0.580768954692722,1.2601405240174397
426,21300,21349,2129.9999999991583,2134.8999999991584,0.1,1.0,0,0,,0.0222126455690346,0.0144624104776299,1.3110187791154215
427,21350,21399,2134.9999999991537,2139.899999999154,3.0,30.0,1,1,0.0733788932381362,0.6147520312477173,0.7663926451734517,4.892452328375892
428,21400,21449,2139.999999999149,2144.8999999991493,0.1,1.0,0,0,,6.93409210791024,3.386712196091384,22.29123605583101
429,21450,21499,2144.9999999991446,2149.8999999991447,0.1,10.0,1,1,2.000595952388493,2.464709042614508,0.2464109903172043,6.624733193909438
430,21500,21549,2149.99999999914,2154.89999999914,0.1,1.0,0,0,,1.018748451696173,0.3653416338636154,2.508597459936809
431,21550,21599,2154.9999999991355,2159.8999999991356,0.1,1.0,1,1,15.144503523749805,5.732336390103466,1.4036006535814818,47.21103750117052
432,21600,21649,2159.999999999131,2164.899999999131,0.1,1.0,0,0,,2.716434720064624,1.7097096219359398,2.02612742627767
433,21650,21699,2164.9999999991264,2169.8999999991265,1.5,20.0,1,1,0.9998388175937252,1.0240567074109987,0.5884905500600355,1.052767488513589
434,21700,21749,2169.999999999122,2174.899999999122,0.1,1.0,0,0,,3.1881569161978467,2.076801260903677,0.8426515417378228
435,21750,21799,2174.9999999991173,2179.8999999991174,0.2,7.0,1,1,2.907641849852311,0.7141617577514762,0.2477018957730482,3.099294957371041
436,21800,21849,2179.999999999113,2184.899999999113,0.1,1.0,0,0,,12.7257037592001,0.706855839813695,75.30858317296503
437,21850,21899,2184.999999999108,2189.899999999108,0.1,30.0,1,1,0.5797663572045111,4.651442663753701,0.710634067740269,15.100938538597635
438,21900,21949,2189.999999999104,2194.8999999991042,0.1,5.0,1,1,4.623198223267623,3.3446053031266505,0.2685100290767663,12.073204438913146
439,21950,21999,2194.999999999099,2199.8999999990992,0.1,1.0,0,0,,3.588274599370523,2.103775149951633,4.939630676177999
440,22000,22049,2199.9999999990946,2204.8999999990947,0.1,0.2,1,1,8.476102958765981,2.834974096101636,1.4351728271440714,38.3397418413286
441,22050,22099,2204.99999999909,2209.89999999909,0.1,1.0,0,0,,4.145307524868689,2.1346708643861536,5.560522508763412
442,22100,22149,2209.999999999085,2214.899999999085,0.1,30.0,1,1,0.718566530374192,2.8095778262360547,1.8542918320560449,0.9448572107673658
443,22150,22199,2214.999999999081,2219.899999999081,0.1,1.0,0,0,,1.1957355953290492,0.1482736285162548,0.8006875132060663
444,22200,22249,2219.9999999990764,2224.8999999990765,0.15,20.0,1,1,1.710356772795688,2.4388021439860776,0.1083619434500387,7.727267311147605
445,22250,22299,2224.999999999072,2229.899999999072,0.5,10.0,1,1,2.273220656007689,2.795394510768442,0.4898387589926041,6.690649401195746
446,22300,22349,2229.999999999068,2234.8999999990683,0.1,1.0,0,0,,4.538970024904817,1.564170755704109,11.100009571713471
447,22350,22399,2234.9999999990628,2239.899999999063,0.1,30.0,1,1,0.9887078696139338,0.9886669888672004,0.1027664505734923,1.4152335329962862
448,22400,22449,2239.999999999058,2244.8999999990583,0.1,1.0,0,0,,0.9151858142733827,0.0884372833893299,0.843604445762497
449,22450,22499,2244.9999999990537,2249.8999999990538,0.1,30.0,1,1,1.0110393186070232,0.7247772565811554,0.275282936923972,0.604224441281162
450,22500,22549,2249.999999999049,2254.899999999049,0.1,1.0,0,0,,2.6871575197474504,0.9171275293171862,4.52058360725505
451,22550,22599,2254.9999999990446,2259.8999999990447,0.1,0.3,1,1,22.426874862742157,2.5242669136620157,0.9269398157900222,11.770578080887717
452,22600,22649,2259.99999999904,2264.89999999904,0.1,1.0,0,0,,6.234141568708719,2.828867843652276,23.120130233922836
453,22650,22699,2264.9999999990355,2269.8999999990356,0.1,30.0,1,1,0.4263317474799646,13.848620947274052,0.6748955735878067,87.0664086219505
454,22700,22749,2269.999999999031,2274.899999999031,0.1,1.5,1,1,16.220416935672354,9.785072758312651,3.183093695851081,31.044587768041485
455,22750,22799,2274.9999999990264,2279.8999999990265,0.1,1.0,0,0,,2.5704849432655816,1.4735946233456136,2.701888320344498
456,22800,22849,2279.999999999022,2284.899999999022,0.5,20.0,1,1,2.5601649931197934,2.8363880322384616,0.6810803904637729,2.0370683153938045
457,22850,22899,2284.9999999990173,2289.8999999990174,0.1,1.0,0,0,,2.1341593748421057,0.1994426028930994,3.648457553277161
458,22900,22949,2289.9999999990127,2294.899999999013,0.1,15.0,1,1,3.4417235246493094,1.963788260841848,0.8892150623681019,3.2343141618046327
459,22950,22999,2294.999999999008,2299.8999999990083,0.1,1.0,0,0,,3.3482756378247247,0.9014622402611476,0.8259681699895063
460,23000,23049,2299.999999999004,2304.899999999004,0.1,30.0,1,1,1.7172977993041054,1.1779595359999566,0.1745180023163265,1.740985588308067
461,23050,23099,2304.999999998999,2309.899999998999,0.1,1.0,0,0,,1.7443120293332497,0.225296652709451,3.051833976997213
462,23100,23149,2309.9999999989946,2314.8999999989946,0.1,30.0,1,1,1.7581507661036804,1.6011931601731055,0.23689178149282,3.330691498860117
463,23150,23199,2314.99999999899,2319.89999999899,0.1,30.0,1,1,1.7826827590184755,1.6517190175060394,0.2566291301909821,2.973092723950609
464,23200,23249,2319.999999998985,2324.899999998985,0.1,1.0,0,0,,1.2918255966203105,0.0535931194825136,1.832322684159409
465,23250,23299,2324.999999998981,2329.899999998981,0.2,30.0,1,1,1.8022165038393003,1.6882365686264622,0.1363384114427243,2.079560471324847
466,23300,23349,2329.9999999989764,2334.8999999989765,0.1,1.0,0,0,,0.972638523763902,0.4179366344188447,2.077874727824517
467,23350,23399,2334.999999998972,2339.899999998972,0.1,30.0,1,1,1.7980008044396016,1.687138739656688,0.1442214598484393,2.4879530634838627
468,23400,23449,2339.999999998968,2344.8999999989683,0.1,1.0,0,0,,1.4106007593464451,0.0386592674480636,1.8010620045562324
469,23450,23499,2344.9999999989627,2349.899999998963,0.1,30.0,1,1,1.665515470763183,1.0602216214020728,0.1284335977030192,1.3381588505003537
470,23500,23549,2349.999999998958,2354.8999999989583,0.1,1.0,0,0,,1.4217067670049883,0.1010186275670593,1.7813731634653376
471,23550,23599,2354.9999999989536,2359.8999999989537,0.1,30.0,1,1,1.846023876962691,1.052735904578877,0.1605088576057091,1.0341021304413431
472,23600,23649,2359.999999998949,2364.899999998949,0.1,30.0,1,1,1.847068906679792,1.6294532641089132,0.0410095858545333,2.150095689074309
473,23650,23699,2364.9999999989445,2369.8999999989446,0.1,1.0,0,0,,1.891129240182895,0.5621322877607493,1.6327707973943195
474,23700,23749,2369.99999999894,2374.89999999894,0.1,0.7,1,1,26.678213937089996,5.324476783853389,2.105182551688208,28.21398145543116
475,23750,23799,2374.9999999989354,2379.8999999989355,0.1,1.0,0,0,,12.915954616343017,2.8074614922940957,43.616343702346406
476,23800,23849,2379.999999998931,2384.899999998931,0.1,30.0,1,1,1.1392531486124935,1.9350124751275184,1.0214807356226303,2.9024115310274072
477,23850,23899,2384.9999999989263,2389.8999999989264,0.1,1.0,0,0,,2.3506424046161247,1.194985571406384,3.786901168481843
478,23900,23949,2389.999999998922,2394.899999998922,0.1,30.0,1,1,1.8793993336125103,1.9400593608973349,1.1785415513646555,2.368635253923949
479,23950,23999,2394.999999998917,2399.899999998917,0.1,1.0,0,0,,1.5880803940819197,0.2764945540604242,1.4261918009181762
480,24000,24049,2399.9999999989127,2404.899999998913,0.1,30.0,1,1,2.700852257804801,1.6185359390659648,0.8013650116998532,1.973132042914144
481,24050,24099,2404.999999998908,2409.8999999989082,0.1,30.0,1,1,2.9662910712220483,2.953855045223367,0.1051885255083243,4.296046078054605
482,24100,24149,2409.999999998904,2414.899999998904,0.1,1.0,0,0,,4.3881548945618025,1.450876767009562,3.88435538511714
483,24150,24199,2414.999999998899,2419.899999998899,0.2,1.5,1,1,19.5025365681266,3.3859327910092976,1.5969948038473063,0.7284638297428674
484,24200,24249,2419.9999999988945,2424.8999999988946,0.1,1.0,0,0,,5.246543527401136,1.3271474071639802,17.327656637610097
485,24250,24299,2424.99999999889,2429.89999999889,0.1,0.1,1,1,38.29752212007808,5.184313167622926,2.95236238842652,48.71070351457304
486,24300,24349,2429.9999999988854,2434.8999999988855,0.1,1.0,0,0,,2.4420822874699817,0.8816677535216537,14.599585909592788
487,24350,24399,2434.999999998881,2439.899999998881,0.1,30.0,1,1,0.9858245040684008,2.244823913732853,1.3891938674704465,2.7302461507497666
488,24400,24449,2439.9999999988763,2444.8999999988764,0.1,1.0,0,0,,6.81974617795511,0.0351387397723689,19.81308680773221
489,24450,24499,2444.999999998872,2449.8999999988723,0.1,30.0,1,1,1.4967802978245406,4.354429635850964,0.5534222950489851,9.03546045541275
490,24500,24549,2449.999999998867,2454.8999999988673,0.2,5.0,1,1,8.047939184093986,2.610369807664828,0.8330656213744311,2.5495446908343884
491,24550,24599,2454.9999999988627,2459.8999999988628,0.1,1.0,0,0,,5.925162902319345,2.6876586473631674,16.923606272025793
492,24600,24649,2459.999999998858,2464.899999998858,0.1,2.0,1,1,10.08128345163498,3.531929704422184,1.513343465589643,23.49127496990875
493,24650,24699,2464.9999999988536,2469.8999999988537,0.1,1.0,0,0,,1.3476062073461386,0.6493510237377279,2.3649798714188126
494,24700,24749,2469.999999998849,2474.899999998849,0.1,30.0,1,1,0.7975403482586049,0.8749548676594816,0.3113710799473457,1.500874958682514
495,24750,24799,2474.9999999988445,2479.8999999988446,0.1,1.0,0,0,,3.141926686898693,1.7102275048722495,1.5812240094211163
496,24800,24849,2479.99999999884,2484.89999999884,0.1,5.0,1,1,8.445989204275541,4.904557070955975,0.26563068254504,14.4899294682318
497,24850,24899,2484.9999999988354,2489.8999999988355,0.1,1.0,0,0,,3.453934166202457,0.8902824109589897,8.286366426160596
498,24900,24949,2489.999999998831,2494.899999998831,0.1,30.0,1,1,1.8405286951350115,2.961040796585128,0.6036047052232311,5.605540072394564
499,24950,24999,2494.9999999988263,2499.8999999988264,0.1,15.0,1,1,4.257383292142568,7.264584785670811,0.5958375797786288,21.401045325702253
500,25000,25049,2499.9999999988217,2504.899999998822,0.1,1.0,0,0,,1.514255436743635,0.8430074792910522,3.3475911778267284
501,25050,25099,2504.999999998817,2509.8999999988173,0.1,7.0,1,1,9.059224222005186,2.303155181338013,0.3865565500675161,2.664287529516406
502,25100,25149,2509.9999999988127,2514.8999999988127,0.1,1.0,0,0,,2.345631415893586,0.2344177794020919,2.468186618999899
503,25150,25199,2514.999999998808,2519.899999998808,0.1,7.0,1,1,7.557322584577491,1.4841592323904882,0.2552785472178599,5.428079952535913
504,25200,25249,2519.999999998804,2524.899999998804,0.1,1.0,0,0,,9.258486577819347,3.2374081765780454,15.84096705760808
505,25250,25299,2524.999999998799,2529.899999998799,0.1,30.0,1,1,0.3540459399197557,1.2902551361886838,1.0316158515072116,3.311357357043915
506,25300,25349,2529.9999999987945,2534.8999999987946,0.1,1.0,0,0,,5.606130185708023,1.5378857979551916,15.38330673983092
507,25350,25399,2534.99999999879,2539.89999999879,0.1,30.0,1,1,1.1467000953666318,6.626107189593999,0.3728508117594399,19.35098626951436
508,25400,25449,2539.9999999987854,2544.8999999987855,0.1,10.0,1,1,3.839121140872843,4.271844514935126,1.3309071009071622,11.11940123017152
509,25450,25499,2544.999999998781,2549.899999998781,0.1,1.0,0,0,,7.875221718747006,4.603000128170416,5.101488827182478
510,25500,25549,2549.9999999987763,2554.8999999987764,0.1,0.7,1,1,87.11867615962822,5.530155681859725,2.879966688462289,2.281588425206329
511,25550,25599,2554.999999998772,2559.8999999987723,0.1,1.0,0,0,,3.894650910932003,2.972364579959555,2.542850915916101
512,25600,25649,2559.999999998767,2564.8999999987673,0.1,30.0,1,1,2.8689687153721675,1.8850229614827172,0.8506723538248031,2.983527028506464
513,25650,25699,2564.999999998762,2569.8999999987623,0.1,1.0,0,0,,11.192944418183345,5.027327963283776,3.224008400999665
514,25700,25749,2569.999999998758,2574.899999998758,0.1,30.0,1,1,1.066583600574191,8.520252728956008,5.004611325329874,4.776631265934856
515,25750,25799,2574.999999998753,2579.899999998753,0.1,1.0,0,0,,4.7339040412161575,0.3671771084408749,10.647898249854036
516,25800,25849,2579.999999998749,2584.899999998749,0.1,20.0,1,1,4.615129873847955,5.731729921622235,0.2184505821466458,12.958312829031174
517,25850,25899,2584.9999999987444,2589.8999999987445,0.1,10.0,1,1,9.751032430058512,8.13365598160089,1.561226756094644,11.194099712900975
518,25900,25949,2589.99999999874,2594.89999999874,0.1,1.0,0,0,,5.363811255531927,1.4668562463276285,9.537826495694178
519,25950,25999,2594.999999998736,2599.899999998736,30.0,30.0,1,1,1.9722777175967372,2.479655394091784,2.8299137877835427,1.7648901830143924
520,26000,26049,2599.999999998731,2604.899999998731,0.1,1.0,0,0,,8.379083327429333,5.518316890212823,7.902214232266073
521,26050,26099,2604.9999999987263,2609.8999999987263,0.1,7.0,1,1,15.044038690997336,7.01535295792926,4.582627719004152,4.4270165730354885
522,26100,26149,2609.9999999987217,2614.899999998722,0.1,1.0,0,0,,29.043804742912524,13.208025376114248,7.986662235912205
523,26150,26199,2614.999999998717,2619.8999999987172,0.1,0.2,1,1,90.34993583577358,4.108419202215285,0.6151891703022493,30.710004918317605
524,26200,26249,2619.9999999987126,2624.8999999987127,0.1,1.0,0,0,,15.10283227502888,4.019188192548219,47.26448239599648
525,26250,26299,2624.999999998708,2629.899999998708,0.1,30.0,1,1,2.1446020809130157,14.121962846706772,4.404736386453155,25.718091656248674
526,26300,26349,2629.9999999987035,2634.8999999987036,0.1,1.0,0,0,,14.216214199841486,1.3477482232809372,23.61523345214137
527,26350,26399,2634.999999998699,2639.899999998699,0.1,2.0,1,1,53.59659695211878,5.776813150990688,3.0983322908403834,8.89063050271427
528,26400,26449,2639.9999999986944,2644.8999999986945,0.1,5.0,1,1,13.57668207381096,8.242257064947896,0.563802923093857,23.915359484930995
529,26450,26499,2644.99999999869,2649.89999999869,0.1,1.0,0,0,,17.636432105933878,1.5646591537007952,39.64232538499792
530,26500,26549,2649.9999999986853,2654.8999999986854,0.1,30.0,1,1,2.411827962361885,3.5114346785614456,2.002496755502263,4.667893501020799
531,26550,26599,2654.999999998681,2659.899999998681,0.1,1.0,0,0,,14.869421182506226,4.446052575933756,28.43756386275456
532,26600,26649,2659.999999998676,2664.899999998676,0.1,30.0,2,1,24.69466066607716,11.290063149971502,3.773678819283836,24.03771579283387
533,26650,26699,2664.999999998672,2669.8999999986722,0.1,1.0,0,0,,16.513934796675834,2.0384588937021144,23.14802583110043
534,26700,26749,2669.999999998667,2674.899999998667,0.15,7.0,1,1,18.02241082246582,12.42624473914888,0.7921143092309183,26.15319379239259
535,26750,26799,2674.9999999986626,2679.8999999986627,0.1,0.7,1,1,133.38689753386132,2.1638306627317068,1.8213282031639129,0.6813010239563622
536,26800,26849,2679.999999998658,2684.899999998658,0.1,1.0,0,0,,10.17023466757529,3.351581575731535,1.3751446370736715
537,26850,26899,2684.999999998653,2689.899999998653,0.1,10.0,1,1,2.5888096958631257,1.793231859942855,0.5114360936057478,8.798729532268895
538,26900,26949,2689.999999998649,2694.899999998649,0.1,1.0,0,0,,4.484731789830537,0.9331435242756811,14.515988258317511
539,26950,26999,2694.9999999986444,2699.8999999986445,0.1,3.0,1,1,12.73814797008191,2.59073534370347,0.4077153046355735,14.939687556942763
540,27000,27049,2699.99999999864,2704.89999999864,0.1,1.0,0,0,,15.407109683128487,1.7769138072207142,46.93028775001285
541,27050,27099,2704.999999998636,2709.8999999986363,0.1,30.0,1,1,1.676776385885332,4.601941789248787,1.9738624759266,7.511493569792633
542,27100,27149,2709.9999999986308,2714.899999998631,0.1,1.0,0,0,,5.765026412631677,2.250052587103547,5.550067004037008
543,27150,27199,2714.999999998626,2719.8999999986263,0.1,30.0,1,1,4.0307963112271725,6.123379155759469,1.9683894473483108,8.776356693370143
544,27200,27249,2719.9999999986217,2724.8999999986218,7.0,15.0,1,1,3.339486183313436,13.450498651203729,7.629907494833111,2.361952308846842
545,27250,27299,2724.999999998617,2729.899999998617,0.1,1.0,0,0,,3.559147161497149,2.033141993433752,3.847694444279045
546,27300,27349,2729.999999998613,2734.899999998613,0.1,5.0,1,1,14.699037849628258,5.113090511777818,0.816564473391856,13.646558919810532
547,27350,27399,2734.999999998608,2739.899999998608,0.1,1.0,0,0,,2.324965162270142,0.7823394872206919,2.1211987516363906
548,27400,27449,2739.9999999986035,2744.8999999986036,0.1,7.0,1,1,6.545870506205794,1.6090779301506917,0.2879569805051515,1.449704143832931
549,27450,27499,2744.999999998599,2749.899999998599,0.1,1.0,0,0,,2.4690152035113635,0.4691013283791403,5.02815699680348
550,27500,27549,2749.9999999985944,2754.8999999985945,0.1,10.0,1,1,4.903680433651132,7.997950915376671,0.9499189268839526,19.61792738299061
551,27550,27599,2754.99999999859,2759.89999999859,0.1,1.0,0,0,,2.3087985095326866,0.508374473190471,2.521847334810549
552,27600,27649,2759.9999999985853,2764.8999999985854,0.1,30.0,1,1,1.2770136939967986,3.504097201379427,1.913214900912072,4.1872773918242565
553,27650,27699,2764.9999999985807,2769.899999998581,0.1,1.0,0,0,,3.3681512734915136,0.9373960925881282,4.670222493010228
554,27700,27749,2769.999999998576,2774.8999999985763,0.1,30.0,1,1,3.0613113441538986,5.198060751489206,0.9415802669667614,10.378805420066712
555,27750,27799,2774.999999998572,2779.899999998572,0.1,3.0,1,1,33.6690205379767,1.5927873464820734,0.5396498088244978,2.221268745186346
556,27800,27849,2779.999999998567,2784.899999998567,0.1,1.0,0,0,,11.160531690407424,5.190229461914721,12.351028841981886
557,27850,27899,2784.9999999985625,2789.8999999985626,10.0,1.0,1,1,0.8145071182052913,5.196719360900857,0.8376407208013901,28.094220461884
558,27900,27949,2789.999999998558,2794.899999998558,0.1,1.0,0,0,,2.223191955255595,0.6956646301634599,135.26737386038477
559,27950,27999,2794.999999998553,2799.899999998553,0.1,30.0,1,1,1.0615790435767998,6.233379340877243,3.2073356978311303,76.4131355409865
560,28000,28049,2799.999999998549,2804.899999998549,0.1,1.0,0,0,,8.030865612519728,4.877077991947886,3.0902365584345364
561,28050,28099,2804.9999999985444,2809.8999999985444,0.1,30.0,1,1,3.0437581503898947,6.5249185282444815,3.979889436506688,5.380305767887209
562,28100,28149,2809.99999999854,2814.89999999854,0.1,0.7,1,1,98.05675148940313,18.669024173595744,9.237909346917483,8.8880107023917
563,28150,28199,2814.999999998536,2819.8999999985363,0.1,1.0,0,0,,2.3439080625506787,1.2158477382227313,3.959473007958968
564,28200,28249,2819.9999999985307,2824.899999998531,0.1,2.0,1,1,36.69196390187152,3.872200725294093,3.644798845951929,2.495469536910188
565,28250,28299,2824.999999998526,2829.8999999985263,0.1,1.0,0,0,,17.735892095901253,7.921255145750674,9.368207006177798
566,28300,28349,2829.9999999985216,2834.8999999985217,0.1,2.0,1,1,12.852298963098027,4.927047752021039,2.2336189241109974,11.831359746154384
567,28350,28399,2834.999999998517,2839.899999998517,0.1,1.0,0,0,,3.544657555569633,1.2380276231322451,6.580282936999584
568,28400,28449,2839.9999999985125,2844.8999999985126,0.1,30.0,1,1,1.8660812065986805,1.6316517881938548,1.0884271921733066,1.605888301418159
569,28450,28499,2844.999999998508,2849.899999998508,0.1,1.0,0,0,,8.483950937859733,0.2460011482601523,19.351375218018752
570,28500,28549,2849.9999999985034,2854.8999999985035,0.1,30.0,1,1,2.5348958794740284,5.938643390043483,3.882364405085482,2.469008305749832
571,28550,28599,2854.999999998499,2859.899999998499,0.1,1.0,0,0,,5.60565960500071,4.2861129829566735,2.2927348952542883
572,28600,28649,2859.9999999984943,2864.8999999984944,0.1,30.0,1,1,1.033081008420853,4.173677210598576,2.6545021307937517,4.792314987902059
573,28650,28699,2864.99999999849,2869.89999999849,0.1,20.0,1,1,3.244813239691362,2.7207953205935427,0.16289274480051,5.502858494589717
574,28700,28749,2869.999999998485,2874.899999998485,0.1,1.0,0,0,,4.7220507030103525,0.8009752537289421,9.648537018827962
575,28750,28799,2874.9999999984807,2879.899999998481,0.1,0.7,1,1,44.88715628887329,4.458259555317528,1.5408910169578982,23.138321752347338
576,28800,28849,2879.999999998476,2884.8999999984762,0.1,1.0,0,0,,11.94779495057495,2.5370015732660005,31.517911283821835
577,28850,28899,2884.999999998472,2889.899999998472,0.1,30.0,1,1,1.9151337893507092,3.679186541709957,2.5303079407693447,0.9589191666134396
578,28900,28949,2889.999999998467,2894.899999998467,0.1,1.0,0,0,,8.50895722616566,5.726227291012042,23.08986634864909
579,28950,28999,2894.9999999984625,2899.8999999984626,1.5,30.0,1,1,0.2600472443559445,0.2682576712257181,0.0438162901966536,1.3888657516869365
580,29000,29049,2899.999999998458,2904.899999998458,0.3,0.1,1,1,249.2346041337678,10.10895686716166,5.011413831965303,105.47024048967089
581,29050,29099,2904.9999999984534,2909.8999999984535,0.1,1.0,0,0,,3.367770676604236,1.122822641417364,7.492889802074717
582,29100,29149,2909.999999998449,2914.899999998449,0.1,5.0,1,1,9.20482266002864,5.544186686809532,0.4553265311035193,19.94445460742902
583,29150,29199,2914.9999999984443,2919.8999999984444,0.1,1.0,0,0,,1.172725427813241,0.4786458943422421,1.7222320535580224
584,29200,29249,2919.99999999844,2924.8999999984403,0.1,30.0,1,1,1.5046520178772116,1.864374555085175,0.1452214931086697,4.91169109262007
585,29250,29299,2924.999999998435,2929.8999999984353,0.1,1.0,0,0,,5.785697757923256,1.9321279113583427,12.77483344987665
586,29300,29349,2929.9999999984307,2934.8999999984308,0.1,30.0,1,1,2.3867097783618263,5.046351417830379,3.203681707998474,4.337852020879256
587,29350,29399,2934.999999998426,2939.899999998426,0.1,1.0,0,0,,15.73069935461265,9.905651532787624,19.08142052829346
588,29400,29449,2939.9999999984216,2944.8999999984217,7.0,20.0,1,1,2.1673894240034683,2.0154896916684693,0.795209436547835,43.344567033563344
589,29450,29499,2944.999999998417,2949.899999998417,2.0,30.0,1,1,3.511807394621851,6.830418553507773,3.9215028131380456,3.55130902336122
590,29500,29549,2949.9999999984125,2954.8999999984126,0.1,1.0,0,0,,2.881634384547586,0.3642711770462498,17.000119060967155
591,29550,29599,2954.999999998408,2959.899999998408,0.1,5.0,1,1,10.463201995429944,5.514851932153566,0.791860969243788,16.3440448282504
592,29600,29649,2959.9999999984034,2964.8999999984035,0.1,1.0,0,0,,4.582933646723029,0.2341911625802612,8.936322009343098
593,29650,29699,2964.999999998399,2969.899999998399,0.1,5.0,1,1,11.675792567023528,2.959396910920457,0.6532755268041851,9.270340143490166
594,29700,29749,2969.9999999983943,2974.8999999983944,0.1,1.0,0,0,,0.9650281034409052,0.179074972579607,1.2368748566726702
595,29750,29799,2974.9999999983897,2979.89999999839,0.1,3.0,1,1,18.11481675952901,4.345686140342645,0.3337328613503716,12.6531569519187
596,29800,29849,2979.999999998385,2984.8999999983853,0.1,1.0,0,0,,5.346334615053625,0.7270261692990734,9.892960052553097
597,29850,29899,2984.9999999983806,2989.8999999983807,0.1,30.0,1,1,1.7692704835695068,1.0869475320703392,0.1987109862696463,3.2278191331151413
598,29900,29949,2989.999999998376,2994.899999998376,1.5,20.0,1,1,1.6898031802225002,4.767488096343686,0.655402953733719,10.905262247546478
599,29950,29999,2994.9999999983715,2999.8999999983716,0.1,1.0,0,0,,1.991853474425139,0.5059567978205185,4.476138303615687
600,30000,30049,2999.999999998367,3004.899999998367,3.0,20.0,1,1,1.0241756180271724,3.13365478907539,0.8605848388537832,9.476589188958297
601,30050,30099,3004.9999999983625,3009.8999999983625,0.1,1.0,0,0,,3.74294223555806,1.0314527988239095,10.929663646664164
602,30100,30149,3009.999999998358,3014.899999998358,0.1,0.1,1,1,18.678307506204103,2.985468818522817,1.9459654862305735,30.688059402045205
603,30150,30199,3014.9999999983534,3019.8999999983535,0.1,1.0,0,0,,2.937607114942685,1.823421157321432,3.331103460028537
604,30200,30249,3019.999999998349,3024.899999998349,0.1,30.0,1,1,1.1392020538690666,0.8235350975944616,0.3889134386286377,1.4378862647398074
605,30250,30299,3024.9999999983443,3029.8999999983444,0.1,1.0,0,0,,2.3189032752599243,0.2104890643450087,6.122263515517033
606,30300,30349,3029.99999999834,3034.8999999983403,0.1,20.0,1,1,1.9744963051044335,1.3816295785590058,0.1062284604266213,2.4469834111225364
607,30350,30399,3034.999999998335,3039.8999999983353,0.1,1.0,0,0,,1.8043619326284737,0.1601500712597119,4.239872096850633
608,30400,30449,3039.9999999983306,3044.8999999983307,0.1,30.0,1,1,1.1878269029881583,1.4495519047470544,0.3537035139736727,2.4969751505697446
609,30450,30499,3044.999999998326,3049.899999998326,0.1,10.0,1,1,3.563975086716001,1.790555665824166,0.2662872267853727,5.445155435322301
610,30500,30549,3049.999999998321,3054.899999998321,0.1,1.0,0,0,,1.7786019659723455,0.2105724446149642,3.513022008653065
611,30550,30599,3054.999999998317,3059.899999998317,0.1,10.0,1,1,4.381366272507811,1.2898172909745396,0.2032052513909253,2.041946392045534
612,30600,30649,3059.9999999983124,3064.8999999983125,0.1,1.0,0,0,,1.1599505226847486,0.4241722124595392,6.20818445690224
613,30650,30699,3064.999999998308,3069.899999998308,0.1,3.0,1,1,10.765203448814312,9.387160461704806,0.7494612373669837,35.329812725285066
614,30700,30749,3069.999999998304,3074.899999998304,0.1,1.0,0,0,,7.311087210553325,0.3682718232548703,17.04003744379212
615,30750,30799,3074.999999998299,3079.899999998299,0.7,10.0,1,1,2.6604592239924467,3.209214820026129,0.2178184990274499,12.57156576674162
616,30800,30849,3079.9999999982942,3084.8999999982943,0.2,30.0,1,1,0.7699663107029229,0.8181505485453474,0.1554716394908198,1.3520728655075578
617,30850,30899,3084.9999999982897,3089.89999999829,0.1,1.0,0,0,,2.712585154174094,0.8188613322213001,4.69436015079633
618,30900,30949,3089.999999998285,3094.8999999982852,30.0,3.0,1,1,0.0413683821588225,3.5619759634675807,1.8634109077751413,16.239529161424674
619,30950,30999,3094.9999999982806,3099.8999999982807,0.1,1.0,0,0,,0.3572710379942183,0.0796146859015045,2.376028223810596
620,31000,31049,3099.999999998276,3104.899999998276,0.1,1.0,0,0,,0.3292135936814335,0.0982517453210715,0.3726125119215864
621,31050,31099,3104.9999999982715,3109.8999999982716,0.1,1.0,0,0,,0.1471488100636613,0.031155379345777,0.9527042601633922
622,31100,31149,3109.999999998267,3114.899999998267,0.1,1.0,0,0,,0.060569069221226,0.0074969102782131,1.5975905476675276
623,31150,31199,3114.9999999982624,3119.8999999982625,0.1,1.0,0,0,,0.074718842993174,0.0096999794361293,1.3139571882578922
624,31200,31249,3119.999999998258,3124.899999998258,0.1,1.0,0,0,,0.0534317653877731,0.0120190460414595,1.0822512920828231
625,31250,31299,3124.9999999982533,3129.8999999982534,0.1,1.0,0,0,,0.1109241953584851,0.0101954989077237,0.9269114737568536
626,31300,31349,3129.9999999982488,3134.899999998249,0.1,1.0,0,0,,0.1417520416343576,0.010082607646115,0.9792508208879682
627,31350,31399,3134.999999998244,3139.8999999982443,0.1,1.0,0,0,,0.1358960746376183,0.010758669564241,1.570171954832984
628,31400,31449,3139.99999999824,3144.89999999824,0.1,1.0,0,0,,0.1404630559481396,0.0115035322411297,0.8218510570027833
629,31450,31499,3144.999999998235,3149.899999998235,0.1,1.0,0,0,,0.1308105156543439,0.0117489728203663,1.234766454137188
630,31500,31549,3149.9999999982306,3154.8999999982307,0.1,1.0,0,0,,0.1278059832700629,0.0100620433382253,1.1985268313258646
631,31550,31599,3154.999999998226,3159.899999998226,0.1,1.0,0,0,,0.1244578255439545,0.0123566530798059,2.01804702300494
632,31600,31649,3159.999999998221,3164.899999998221,0.1,1.0,0,0,,0.118315953285382,0.0099590451370147,1.512036544611456
633,31650,31699,3164.999999998217,3169.899999998217,0.1,1.0,0,0,,0.0785761459074741,0.0534762771280392,41.98562505903987
634,31700,31749,3169.9999999982124,3174.8999999982125,0.1,1.0,0,0,,0.1497089003890565,0.0099735919540409,2.121459833201899
635,31750,31799,3174.999999998208,3179.899999998208,0.1,1.0,0,0,,0.1476827958578138,0.0100074735322814,1.856220614364024
636,31800,31849,3179.999999998204,3184.8999999982043,0.1,1.0,0,0,,0.1150239983296304,0.0147762479102576,1.5562844753527008
637,31850,31899,3184.9999999981987,3189.899999998199,0.1,1.0,0,0,,0.0577684019982584,0.0083990611788689,2.144563934805206
638,31900,31949,3189.999999998194,3194.8999999981943,0.1,1.0,0,0,,0.0116268759090078,0.0096024870602453,1.5742925800419234
639,31950,31999,3194.9999999981897,3199.8999999981897,0.1,1.0,0,0,,0.0141212373646938,0.0128390494281267,1.2295271705883248
640,32000,32049,3199.999999998185,3204.899999998185,0.1,1.0,0,0,,0.0164915253494508,0.0108811781742296,1.5560674741168523
641,32050,32099,3204.999999998181,3209.899999998181,0.1,1.0,0,0,,0.0247784413644359,0.011274477362013,1.2370087249432908
642,32100,32149,3209.999999998176,3214.899999998176,0.1,1.0,0,0,,0.0250075357208007,0.0097469614860291,2.5786836343135238
643,32150,32199,3214.9999999981715,3219.8999999981716,0.1,1.0,0,0,,0.0245173280455437,0.020650421594283,15.735262355836342
644,32200,32249,3219.999999998167,3224.899999998167,5.0,20.0,1,1,0.1630723978027051,1.1760401895634387,1.554053103863484,7.561454740200885
645,32250,32299,3224.9999999981624,3229.8999999981625,0.1,1.0,0,0,,2.6997052601140066,0.6142159691584409,9.97041666729961
646,32300,32349,3229.999999998158,3234.899999998158,30.0,0.1,1,1,0.531562172651943,5.504953416475242,1.7143333608515885,105.71937948978076
647,32350,32399,3234.9999999981533,3239.8999999981534,0.1,1.0,0,0,,6.393405059811639,2.47214235808348,22.881219044461577
648,32400,32449,3239.9999999981487,3244.899999998149,0.1,30.0,1,1,0.800304729724034,4.499975317766747,2.2119219033710773,5.481607918734557
649,32450,32499,3244.999999998144,3249.8999999981443,0.1,1.0,0,0,,11.187080203882644,4.197220094871127,33.35847458470858
650,32500,32549,3249.99999999814,3254.89999999814,0.1,30.0,1,1,0.5400572326995272,17.01224721984394,2.639773071108998,62.13874487627199
651,32550,32599,3254.999999998135,3259.899999998135,0.1,20.0,1,1,2.372595215207896,2.0955148712614657,0.6957100217819415,5.895963185041691
652,32600,32649,3259.9999999981305,3264.8999999981306,0.1,1.0,0,0,,6.377598660658768,0.3105664983052247,15.093476525805732
653,32650,32699,3264.999999998126,3269.899999998126,0.1,7.0,1,1,7.825007594892519,3.54993212337612,0.3753613747070243,9.760818380988312
654,32700,32749,3269.999999998121,3274.899999998121,0.1,1.0,0,0,,5.558448191482711,0.5372735035106977,9.27722575629764
655,32750,32799,3274.999999998117,3279.899999998117,0.1,3.0,1,1,19.68370804608179,8.482921128175574,1.3033448646529822,34.23486433627979
656,32800,32849,3279.9999999981123,3284.8999999981124,0.1,1.0,0,0,,14.39372194799603,0.9032284500339316,36.48228343987293
657,32850,32899,3284.999999998108,3289.899999998108,0.1,0.5,1,1,36.97682729433647,2.698934496940418,0.8873662854508971,14.970838201695724
658,32900,32949,3289.9999999981032,3294.8999999981033,0.1,1.0,0,0,,4.273784257136003,2.0754730984282275,4.717600279037267
659,32950,32999,3294.9999999980987,3299.899999998099,0.1,0.3,1,1,6.997936250745501,5.558196635891702,3.5236710213130418,16.74880639999872
660,33000,33049,3299.999999998094,3304.8999999980942,0.1,3.0,1,1,8.50864337818508,7.423094938486339,1.771078671323997,31.71479123688263
661,33050,33099,3304.9999999980896,3309.8999999980897,0.1,1.0,0,0,,9.531562700459194,0.8059719656116718,35.60823569486894
662,33100,33149,3309.999999998085,3314.899999998085,0.1,30.0,1,1,0.2765433778025174,4.970072469819356,1.3610890723112032,18.448794006139536
663,33150,33199,3314.9999999980805,3319.8999999980806,0.1,1.0,0,0,,3.174587928222309,0.8054311122103486,15.006578990617935
664,33200,33249,3319.999999998076,3324.899999998076,0.1,1.5,1,1,18.598445439098835,3.2956425080509564,0.8323578800481652,15.963623095980882
665,33250,33299,3324.9999999980714,3329.8999999980715,0.1,1.0,0,0,,3.269064560883286,0.7331669690460351,7.130548095609777
666,33300,33349,3329.999999998067,3334.899999998067,0.1,15.0,1,1,2.42320542452842,7.061811932140247,0.2448150336073349,23.889245137883904
667,33350,33399,3334.9999999980623,3339.8999999980624,0.1,1.0,0,0,,5.761589596353405,2.425227058498723,8.334342089747123
668,33400,33449,3339.999999998058,3344.899999998058,0.1,30.0,1,1,0.3998470337690243,3.1358832698403467,0.8873140706412661,13.601470747516366
669,33450,33499,3344.999999998053,3349.8999999980533,0.1,5.0,1,1,4.8155224974757305,3.281639560510261,0.7119101155470147,13.292949705789026
670,33500,33549,3349.9999999980487,3354.8999999980488,0.1,1.0,0,0,,3.8862903759662704,0.3113453788598748,15.141588466262297
671,33550,33599,3354.999999998044,3359.899999998044,0.1,3.0,1,1,6.894943521234198,2.336132945915323,0.4661613385216224,11.369778665175348
672,33600,33649,3359.99999999804,3364.89999999804,0.1,1.0,0,0,,4.524649086909384,0.4013156630567176,14.96632322592548
673,33650,33699,3364.999999998035,3369.899999998035,0.1,5.0,1,1,6.501355481075566,2.919227060703765,1.4613642940995395,8.918093208557048
674,33700,33749,3369.9999999980305,3374.8999999980306,0.1,1.0,0,0,,3.276547227350625,0.3593663821549491,7.708958825078165
675,33750,33799,3374.999999998026,3379.899999998026,0.1,5.0,1,1,6.78810332365537,0.8566328335210639,0.3783055813133085,2.678632780928482
676,33800,33849,3379.9999999980214,3384.8999999980215,0.1,1.0,0,0,,4.814852518165137,0.9722890357876878,18.248911026242467
677,33850,33899,3384.999999998017,3389.899999998017,1.0,10.0,1,1,2.6610554709204064,2.2612069221115814,0.4925039701814962,8.42420480609193
678,33900,33949,3389.9999999980123,3394.8999999980124,0.1,5.0,1,1,5.191799082337433,1.265319957731054,0.6625317503425693,0.5943453379960967
679,33950,33999,3394.999999998008,3399.8999999980083,0.1,1.0,0,0,,2.335469698474212,0.7076379467737506,5.689793966450437
680,34000,34049,3399.999999998003,3404.8999999980033,0.1,1.0,1,1,20.402176368596614,3.03001603196831,0.718850882157167,9.611908162847715
681,34050,34099,3404.9999999979987,3409.8999999979987,0.1,1.0,0,0,,2.738971187416167,1.2541945050314132,8.141609961775716
682,34100,34149,3409.999999997994,3414.899999997994,30.0,0.1,1,1,0.5357581505011821,4.060738951391188,3.5304708816739243,29.195225990748177
683,34150,34199,3414.9999999979896,3419.8999999979897,0.1,1.0,0,0,,1.5666079184808988,0.105981185158393,4.25513704334852
684,34200,34249,3419.999999997985,3424.899999997985,0.1,30.0,1,1,0.8239545714725947,2.110413842481333,0.4389443795419008,6.600458240627471
685,34250,34299,3424.9999999979805,3429.8999999979806,0.1,1.0,0,0,,2.2224199411022605,0.2400915949247067,6.588688810529629
686,34300,34349,3429.999999997976,3434.899999997976,0.1,3.0,1,1,6.924836557860916,1.0032509982978666,0.6882730116133619,1.9177168428182856
687,34350,34399,3434.999999997972,3439.899999997972,0.1,1.0,0,0,,2.5431532522737963,0.5726690523565309,4.833824549802198
688,34400,34449,3439.999999997967,3444.899999997967,0.1,30.0,1,1,1.053513956371234,3.4290458099795207,1.5759057317567051,9.767966115366368
689,34450,34499,3444.9999999979623,3449.8999999979624,0.1,7.0,1,1,6.664097110777555,3.585723453046508,0.6957011120986603,10.45574809703575
690,34500,34549,3449.9999999979577,3454.899999997958,0.1,1.0,0,0,,6.151547546040669,0.3070608810573864,13.842425750097942
691,34550,34599,3454.999999997953,3459.8999999979533,0.1,7.0,1,1,6.0041350508121685,1.8606495535984189,0.275505839555398,5.754600796213323
692,34600,34649,3459.9999999979486,3464.8999999979487,0.1,1.0,0,0,,3.002653492852416,1.0542406045590256,6.808571353955379
693,34650,34699,3464.999999997944,3469.899999997944,0.1,10.0,1,1,5.157387325434836,3.95594993743206,0.2048698400702173,7.662789312437159
694,34700,34749,3469.9999999979395,3474.8999999979396,0.1,1.0,0,0,,3.859117579102517,0.2009901187045522,6.15107999821247
695,34750,34799,3474.999999997935,3479.899999997935,0.1,30.0,1,1,1.4046825242117489,7.78390930424616,0.3590189027541873,25.1262559901824
696,34800,34849,3479.9999999979304,3484.8999999979305,0.1,10.0,1,1,6.247597609036502,10.726300944988314,1.120166633342852,26.69103028748541
697,34850,34899,3484.999999997926,3489.899999997926,0.1,1.0,0,0,,3.4080241484071507,0.2863450328179213,6.921154491552147
698,34900,34949,3489.9999999979213,3494.8999999979214,0.1,7.0,1,1,9.05999085858092,2.475958607851508,0.468010634360121,5.8121812541902
699,34950,34999,3494.999999997917,3499.899999997917,0.1,1.0,0,0,,3.8070256099459967,0.7869476718971393,6.3067963113036525
700,35000,35049,3499.9999999979123,3504.8999999979123,0.7,30.0,1,1,1.7589154323590563,1.01432012365286,0.283306515638193,0.9907228522359152
701,35050,35099,3504.999999997908,3509.8999999979083,0.1,1.0,0,0,,10.67855924084955,3.566073736112118,31.882465942453187
702,35100,35149,3509.999999997903,3514.8999999979033,30.0,7.0,1,1,0.1252395636449123,2.9816857754177573,0.6807442961499517,2.2667510747843043
703,35150,35199,3514.9999999978986,3519.8999999978987,0.1,1.0,0,0,,0.4408680510037495,0.7332022904425114,16.87750827014098
704,35200,35249,3519.999999997894,3524.899999997894,0.1,0.3,1,1,30.14825789446771,15.682286173739612,6.8161185495906045,46.01263813437698
705,35250,35299,3524.999999997889,3529.899999997889,0.5,30.0,1,1,1.4580815153979445,3.614983696703565,1.145018574171313,1.2280126468986925
706,35300,35349,3529.999999997885,3534.899999997885,0.1,1.0,0,0,,1.127866282876638,0.4871728192010123,1.711483394620899
707,35350,35399,3534.9999999978804,3539.8999999978805,2.0,30.0,1,1,1.180263205035754,3.5343015587539504,1.2301066787446369,1.7867860778953693
708,35400,35449,3539.999999997876,3544.899999997876,0.1,1.0,0,0,,4.890897079826448,2.554165973299796,1.612425387139809
709,35450,35499,3544.999999997872,3549.899999997872,0.3,30.0,1,1,0.2846757179180879,0.3415145006627584,0.1322349680752689,0.8715887690508378
710,35500,35549,3549.999999997867,3554.899999997867,0.1,1.0,0,0,,0.9810404936010946,0.6946065250832096,1.6945800624998943
711,35550,35599,3554.9999999978622,3559.8999999978623,0.1,30.0,1,1,0.410641001625769,3.6190197617040663,2.1808335101156016,1.338990332972721
712,35600,35649,3559.9999999978577,3564.899999997858,0.1,1.0,0,0,,3.6328771782666416,0.4065972780503958,29.11471293903428
713,35650,35699,3564.999999997853,3569.8999999978532,0.1,30.0,1,1,1.083435897028732,4.671398987059343,0.642128373502974,10.495987731309748
714,35700,35749,3569.9999999978486,3574.8999999978487,0.1,30.0,1,1,0.9406721351844256,2.103336020879768,0.3488641139974334,3.4966070178201454
715,35750,35799,3574.999999997844,3579.899999997844,0.1,1.0,0,0,,2.548058084854859,0.3396853980789312,11.405108943767438
716,35800,35849,3579.9999999978395,3584.8999999978396,0.1,30.0,2,1,10.850112599899028,17.673888947800958,0.554593494359472,56.27528509694375
717,35850,35899,3584.999999997835,3589.899999997835,0.1,1.0,0,0,,2.302868840020167,0.8503165014642537,2.8220111491081514
718,35900,35949,3589.9999999978304,3594.8999999978305,0.1,0.15,1,1,11.318762033780075,1.951235521241626,0.83714888295082,49.43251657358494
719,35950,35999,3594.999999997826,3599.899999997826,0.1,1.0,0,0,,0.1231576123805349,0.0991802852160212,41.4960065734407
720,36000,36049,3599.9999999978213,3604.8999999978214,0.1,1.0,0,0,,0.9263645848086908,0.4272359738973377,34.577603870954064
721,36050,36099,3604.9999999978168,3609.899999997817,0.1,1.0,0,0,,1.393155885304766,0.482715424187383,59.654689493939344
722,36100,36149,3609.999999997812,3614.8999999978123,0.1,1.5,1,1,3.5467987312172378,7.466729748177679,3.733977509736639,28.31501235925601
723,36150,36199,3614.999999997808,3619.899999997808,0.3,5.0,1,1,2.79915470664659,1.8393151254985585,0.5627346947157857,3.224679975945536
724,36200,36249,3619.999999997803,3624.899999997803,0.1,1.0,0,0,,6.256609932256729,3.1246196137904025,16.647728483427304
725,36250,36299,3624.999999997799,3629.899999997799,5.0,30.0,1,1,0.033811479536324,0.2399128546863783,0.3836658621387736,8.021215288873076
726,36300,36349,3629.999999997794,3634.899999997794,0.1,1.0,0,0,,10.055688569484609,3.057115341428526,40.49949688227304
727,36350,36399,3634.9999999977895,3639.8999999977896,0.1,3.0,1,1,7.11445016069804,5.336058643721823,0.7417510437861168,13.042920313445986
728,36400,36449,3639.999999997785,3644.899999997785,0.1,1.0,0,0,,11.979681289984743,1.039447460568867,58.2245727611398
729,36450,36499,3644.999999997781,3649.899999997781,0.1,30.0,1,1,0.9280044174529244,1.3822725853081064,0.6586716242229691,3.231576958861241
730,36500,36549,3649.999999997776,3654.899999997776,0.1,1.0,0,0,,2.061168644647163,0.5340199425038906,3.655049369572752
731,36550,36599,3654.9999999977713,3659.8999999977714,30.0,10.0,1,1,0.726292397884106,1.2903919017491257,1.2091394469098615,5.483112248354539
732,36600,36649,3659.999999997767,3664.8999999977673,1.0,30.0,1,1,0.1325564908458542,0.3323877083350773,0.1653465245632944,4.183930107277254
733,36650,36699,3664.999999997762,3669.8999999977623,0.1,1.0,0,0,,11.458687492772723,3.1597864534353075,66.33883165757088
734,36700,36749,3669.9999999977576,3674.8999999977577,0.15,15.0,2,1,11.296123610642976,3.358801648022103,1.1994618530277146,6.4289282631206985
735,36750,36799,3674.999999997753,3679.899999997753,0.1,1.0,0,0,,3.644154936383441,1.345961798087779,32.36090889130442
736,36800,36849,3679.999999997749,3684.899999997749,0.1,1.5,1,1,19.89637873828171,5.484592736148332,2.8904885142876298,15.71212472399529
737,36850,36899,3684.999999997744,3689.899999997744,0.1,1.0,0,0,,4.3809992214284845,1.1041922114382796,11.336758804723772
738,36900,36949,3689.99999999774,3694.89999999774,0.1,30.0,1,1,0.9588534479666884,6.696602742097226,0.244353795998499,24.793707287980126
739,36950,36999,3694.999999997735,3699.899999997735,0.1,1.0,0,0,,7.192185387574434,0.2425665786055826,26.277496812667707
740,37000,37049,3699.9999999977294,3704.8999999977295,1.0,20.0,1,1,1.2401815969912058,5.811939689457634,0.2708054435926479,22.869106635180845
741,37050,37099,3704.999999997726,3709.899999997726,30.0,0.1,1,1,1.0085907726060577,16.591372232671066,1.0551566600470017,93.19431427196236
742,37100,37149,3709.999999997721,3714.899999997721,0.1,1.0,0,0,,0.6368526557413279,0.493867559079994,0.9959120248441088
743,37150,37199,3714.9999999977167,3719.899999997717,0.1,30.0,1,1,1.3086667205492557,1.174187768696615,0.2450937152688051,2.451644920348292
744,37200,37249,3719.999999997712,3724.8999999977123,0.1,1.0,0,0,,2.083303114860625,0.9708291295360332,8.48633818573117
745,37250,37299,3724.999999997708,3729.899999997708,0.1,1.0,1,1,26.89837599594839,9.736572291170113,2.2597261609926638,39.46875915834831
746,37300,37349,3729.999999997703,3734.899999997703,0.1,1.0,0,0,,1.576134711834654,0.3623233189269899,3.29063173945151
747,37350,37399,3734.9999999976985,3739.8999999976986,5.0,30.0,1,1,0.5672372598529298,3.865704253494802,0.6245410754668428,30.619758697805796
748,37400,37449,3739.999999997694,3744.899999997694,0.1,1.0,0,0,,4.749935073247903,0.8871588691436066,21.84489812853474
749,37450,37499,3744.9999999976894,3749.8999999976895,0.1,5.0,1,1,1.8606189859807287,6.827089720715728,0.2621843817341802,32.845931279797604
750,37500,37549,3749.999999997685,3754.899999997685,0.1,0.1,1,1,7.007459418032209,7.110996236039639,1.167123935213029,101.28884864227405
751,37550,37599,3754.99999999768,3759.89999999768,0.1,1.0,0,0,,1.7124245856740126,0.8293119527725752,148.63039605358628
752,37600,37649,3759.999999997676,3764.899999997676,0.1,1.0,0,0,,1.721779905517404,0.4932861161318868,62.15385767256234
753,37650,37699,3764.9999999976712,3769.8999999976713,0.1,30.0,1,1,0.1837236918073577,5.786712222199376,2.732210234916156,8.177709291959532
754,37700,37749,3769.999999997666,3774.899999997666,0.1,2.0,1,1,15.418781999310172,8.689456690130497,1.6772014914373663,57.81348729622368
755,37750,37799,3774.999999997662,3779.8999999976622,0.1,1.0,0,0,,3.615566611375849,0.825143548767779,39.39537966149173
756,37800,37849,3779.9999999976576,3784.8999999976577,0.1,3.0,1,1,8.624243053250472,3.4876651428334515,1.7971078068123574,5.480855565512734
757,37850,37899,3784.999999997653,3789.899999997653,0.1,1.0,0,0,,3.361842832974707,0.9396371716262084,8.864307864135
758,37900,37949,3789.999999997649,3794.899999997649,0.1,1.0,1,1,15.545854790786295,3.934486711816765,1.195671265902269,37.60017784051231
759,37950,37999,3794.999999997644,3799.899999997644,0.1,1.0,0,0,,5.891503620059886,2.361135545609915,13.012140587245758
760,38000,38049,3799.99999999764,3804.89999999764,0.1,30.0,1,1,1.212539894584221,1.6295033895652502,0.2310301826019704,3.885409234787705
761,38050,38099,3804.999999997635,3809.899999997635,0.1,1.0,0,0,,14.450043197045478,0.6733618320770498,82.62366059646644
762,38100,38149,3809.9999999976303,3814.8999999976304,0.1,30.0,1,1,0.96330034121226,0.4536196153503741,0.2617260793540057,2.9090095365423725
763,38150,38199,3814.9999999976258,3819.899999997626,30.0,0.1,1,1,1.0168587084342944,25.26383314560133,0.9352197656733068,94.1738713451756
764,38200,38249,3819.999999997621,3824.8999999976213,0.1,1.0,0,0,,2.556509418152042,0.7268006002921381,4.562176896197893
765,38250,38299,3824.9999999976167,3829.8999999976168,0.1,2.0,1,1,7.3367720958330995,5.296847204664108,1.8372674210378577,36.54052783420748
766,38300,38349,3829.999999997612,3834.899999997612,0.1,1.0,0,0,,7.035269902843647,2.499548032094183,17.980883657662254
767,38350,38399,3834.999999997608,3839.899999997608,0.1,2.0,1,1,14.329571592923834,7.84301162266317,1.0108626013101314,56.06975962169085
768,38400,38449,3839.999999997603,3844.899999997603,0.1,1.0,0,0,,1.1896218160081746,0.1703904598509691,3.1634738500361625
769,38450,38499,3844.9999999976,3849.8999999976,0.1,30.0,1,1,0.5419161915744826,4.897141258968438,0.5948469822407036,37.73762293017863
770,38500,38549,3849.999999997594,3854.899999997594,0.1,1.0,0,0,,1.8890245520045368,0.7076731762325618,6.289577779909831
771,38550,38599,3854.999999997589,3859.899999997589,0.1,30.0,1,1,0.61213778986595,22.05503321655161,1.6271325690213454,83.55789418078265
772,38600,38649,3859.999999997585,3864.899999997585,0.15,7.0,1,1,2.6112405278040853,2.1995291141239446,0.5919737657360605,1.7954489651325432
773,38650,38699,3864.99999999758,3869.89999999758,0.1,1.0,0,0,,8.272262136476622,4.0408122559831074,9.379854143139054
774,38700,38749,3869.999999997576,3874.8999999975763,30.0,10.0,1,1,1.1552595424663474,5.46743905919934,3.4477858969553563,69.3913542870855
775,38750,38799,3874.999999997571,3879.8999999975713,0.1,1.0,0,0,,4.71724302734177,0.6208820036674116,18.03328937258847
776,38800,38849,3879.999999997567,3884.899999997567,20.0,7.0,1,1,0.2093815302737258,2.6744302897178898,1.3717884058087868,10.184993841510376
777,38850,38899,3884.999999997562,3889.899999997562,0.1,1.0,0,0,,0.2658335380510602,0.0323044024921104,1.0396855808598473
778,38900,38949,3889.9999999975576,3894.8999999975576,0.1,1.0,0,0,,0.229799404558184,0.2213247580822702,3.4414918422163705
779,38950,38999,3894.999999997553,3899.899999997553,30.0,0.1,1,1,0.5248627433092714,6.36573837286846,4.228529363444423,52.33268054096388
780,39000,39049,3899.999999997549,3904.899999997549,0.1,1.0,0,0,,1.914492395519468,1.0106828007813051,3.4658112510118357
781,39050,39099,3904.999999997544,3909.899999997544,0.1,10.0,1,1,3.207723914099061,0.9244465313251508,0.169175279928325,1.2256269803194375
782,39100,39149,3909.9999999975394,3914.8999999975395,0.1,10.0,1,1,3.098933001986653,1.1782168525512398,0.4747225852721824,4.0236083632910455
783,39150,39199,3914.999999997535,3919.899999997535,0.1,1.0,0,0,,1.8670296033443723,0.3545261802696585,3.3793419327152736
784,39200,39249,3919.99999999753,3924.89999999753,0.1,0.2,1,1,23.89619368407536,2.9946208710248685,1.6586594071950906,1.8717648382361765
785,39250,39299,3924.9999999975257,3929.899999997526,0.1,1.0,0,0,,2.9038672261490075,1.2632416446950478,2.262854460275235
786,39300,39349,3929.999999997521,3934.8999999975213,0.1,1.0,0,0,,0.1592093030238305,0.0944835825795819,1.3715326603733815
787,39350,39399,3934.9999999975166,3939.8999999975167,0.1,1.0,0,0,,0.0707544401388058,0.0284638835982057,18.19185746697224
788,39400,39449,3939.999999997512,3944.899999997512,0.1,1.0,0,0,,0.1527770828743258,0.0184492346041616,1.3938921574212113
789,39450,39499,3944.999999997508,3949.899999997508,0.1,1.0,0,0,,0.0867125796676046,0.0161277664813509,1.4811201154794915
790,39500,39549,3949.999999997503,3954.899999997503,30.0,0.1,1,1,0.5373034705114841,3.048283569570564,3.025161745903328,43.826756639897496
791,39550,39599,3954.9999999974975,3959.8999999974976,0.1,1.0,0,0,,13.456944944152704,2.478539857126907,46.70834561747859
792,39600,39649,3959.999999997494,3964.899999997494,0.1,30.0,1,1,1.232847333307108,2.64944163795456,1.5146494116644162,1.4936040215635609
793,39650,39699,3964.999999997489,3969.899999997489,0.1,1.0,0,0,,4.381072648621895,0.9874770735057452,8.841824239731228
794,39700,39749,3969.999999997485,3974.899999997485,0.2,5.0,1,1,3.342931970055843,0.7954466238659792,0.6576935777192751,1.8362519202790932
795,39750,39799,3974.99999999748,3979.89999999748,0.1,2.0,1,1,18.80833884831628,3.560355275391073,2.452228133770784,3.059926451865389
796,39800,39849,3979.999999997476,3984.8999999974762,0.1,1.0,0,0,,5.078431316397003,1.115909272585743,9.800509939196257
797,39850,39899,3984.999999997471,3989.8999999974712,0.3,20.0,1,1,3.1893826484669923,2.263751352922741,0.3852654421000139,1.5524626415804668
798,39900,39949,3989.9999999974666,3994.8999999974667,0.1,1.0,0,0,,2.86462603362415,0.2733058810584475,4.6720376896262925
799,39950,39999,3994.999999997462,3999.899999997462,0.15,5.0,1,1,10.30520014637381,1.4435502391470334,0.2941287074228607,2.297594696045013
800,40000,40049,3999.9999999974575,4004.8999999974576,0.1,1.0,0,0,,3.954651946451796,1.5028570775813008,3.3448438181816624
801,40050,40099,4004.999999997453,4009.899999997453,0.1,30.0,1,1,0.713340263429595,0.9389078495115192,0.610631399096748,0.9785497486962684
802,40100,40149,4009.999999997448,4014.899999997448,0.1,1.0,0,0,,2.0391106513484902,0.2443142005783864,2.613554491286743
803,40150,40199,4014.999999997444,4019.899999997444,0.1,30.0,1,1,0.8903119678506781,1.7035931734067942,1.32143375055936,0.8086095827021883
804,40200,40249,4019.9999999974393,4024.8999999974394,0.1,5.0,1,1,12.595352025808504,2.324253363403655,1.5390778120502122,1.5381158886377866
805,40250,40299,4024.9999999974334,4029.8999999974335,0.1,1.0,0,0,,1.1728143744527884,0.2408799817138061,1.1425935942763863
806,40300,40349,4029.99999999743,4034.8999999974303,0.1,30.0,2,1,26.721967278425332,3.765129361549469,0.949544669528585,1.054059183264844
807,40350,40399,4034.9999999974257,4039.8999999974258,0.1,1.0,0,0,,1.2926008425678708,0.3344719791743564,1.7167709514403102
808,40400,40449,4039.999999997421,4044.899999997421,0.15,20.0,1,1,3.07989751887879,2.4698810994764555,0.1465109904715525,3.674662882835489
809,40450,40499,4044.9999999974166,4049.8999999974167,0.1,1.0,0,0,,3.0473353959613085,0.5239842985457,3.2354684600856745
810,40500,40549,4049.999999997412,4054.899999997412,0.1,30.0,1,1,1.6722073938939686,2.255529323714272,0.4453606165359471,4.787108036227761
811,40550,40599,4054.999999997408,4059.899999997408,0.1,1.0,0,0,,3.608572458993628,0.2797897086737033,7.574031517655319
812,40600,40649,4059.999999997403,4064.899999997403,0.1,30.0,1,1,2.0083002844964706,4.183745795618075,0.4560886083348555,9.315966166791805
813,40650,40699,4064.9999999973984,4069.8999999973985,0.1,20.0,1,1,3.2413332116469995,6.050171372602526,0.3141358694621477,13.08468900487885
814,40700,40749,4069.999999997394,4074.899999997394,0.1,1.0,0,0,,1.0433185013314603,0.2381292212544365,1.2420870896512766
815,40750,40799,4074.999999997389,4079.899999997389,15.0,20.0,1,1,0.7132763232662758,3.2659953800988437,1.5551956111049403,5.226962039296204
816,40800,40849,4079.9999999973847,4084.899999997385,0.1,1.0,0,0,,3.104975824109609,1.272111096466522,6.898614476094937
817,40850,40899,4084.99999999738,4089.8999999973803,0.1,1.0,0,0,,0.3960395476795634,0.1864686349725124,0.4829734286587886
818,40900,40949,4089.999999997376,4094.899999997376,0.1,1.0,0,0,,0.1482981769070319,0.0603034143673009,2.7252807035247657
819,40950,40999,4094.999999997371,4099.899999997371,0.1,1.0,0,0,,0.1323669760864181,0.0133660165672043,1.3093788476788677
820,41000,41049,4099.999999997384,4104.899999997384,0.1,1.0,0,0,,0.2183343215244868,0.0077057989334871,1.3389045275092246
821,41050,41099,4104.9999999974025,4109.899999997402,0.1,1.0,0,0,,0.3027285762799565,0.0132438934649058,1.2124510154818664
822,41100,41149,4109.999999997421,4114.89999999742,0.1,1.0,0,0,,0.3544828697930364,0.0145805026928642,1.8184087993288431
823,41150,41199,4114.999999997439,4119.8999999974385,0.1,1.0,0,0,,0.1320995015637132,0.0126276595054493,2.0522432017118617
824,41200,41249,4119.999999997457,4124.899999997457,0.1,1.0,0,0,,0.075903494978179,0.0119474500351745,1.5227014317302596
825,41250,41299,4124.999999997475,4129.899999997475,0.1,1.0,0,0,,0.0948947760350181,0.0122331293474246,1.1123931744731357
826,41300,41349,4129.999999997493,4134.899999997493,0.1,1.0,0,0,,0.1439096528725959,0.0088695040456354,0.9572717414919892
827,41350,41399,4134.999999997512,4139.899999997511,0.1,1.0,0,0,,0.1617906681826573,0.0101678001899809,1.213045501275129
828,41400,41449,4139.99999999753,4144.899999997529,0.1,1.0,0,0,,0.14638436001787,0.0106289801281011,1.5743428051190285
829,41450,41499,4144.999999997548,4149.899999997548,0.1,1.0,0,0,,1.059062370642591,1.2662725419487648,3.819032472910434
830,41500,41549,4149.999999997566,4154.899999997566,0.1,30.0,1,1,0.2742475866145055,4.714532252551953,2.2709475613263765,5.385752204741336
831,41550,41599,4154.999999997584,4159.899999997584,0.2,2.0,1,1,6.1312025051561125,1.4399822147456232,0.6403589203569754,0.5827004417608752
832,41600,41649,4159.999999997603,4164.899999997602,0.1,1.0,0,0,,3.493749688201167,1.686309351734509,1.9281219577634647
833,41650,41699,4164.999999997621,4169.89999999762,30.0,0.1,1,1,0.0034669123563478,0.8439498234642109,0.4791932653611831,1.3882648978972376
834,41700,41749,4169.999999997639,4174.899999997639,0.1,1.0,0,0,,0.1487010362884104,0.0491513312716964,1.0610778712047098
835,41750,41799,4174.999999997657,4179.899999997657,0.1,1.0,0,0,,0.3700040010078544,0.4160415198375151,1.5994274979034209
836,41800,41849,4179.999999997675,4184.899999997675,0.1,30.0,2,1,0.1205111673156526,4.404112382338185,2.565057256585762,1.3456571828686634
837,41850,41899,4184.9999999976935,4189.899999997693,2.0,15.0,1,1,0.6228781433410944,1.979042000874924,0.8782053729372188,4.371539730991918
838,41900,41949,4189.999999997712,4194.899999997711,0.1,1.0,0,0,,5.894525123028443,2.699116787950256,13.542942748172864
839,41950,41999,4194.99999999773,4199.8999999977295,0.1,1.0,0,0,,0.3491760143214908,0.4288051889803438,2.564168314436082
840,42000,42049,4199.999999997748,4204.899999997748,0.1,30.0,1,1,0.1454905096040266,6.3170590828296085,2.6497226028181107,38.20858467736274
841,42050,42099,4204.999999997766,4209.899999997766,0.1,3.0,1,1,9.21901103322058,7.463611640990922,1.4808274762060842,23.17578190617713
842,42100,42149,4209.9999999977845,4214.899999997784,0.1,1.0,0,0,,4.181877172612153,0.4686977362520169,21.4389762601224
843,42150,42199,4214.999999997803,4219.899999997802,0.1,3.0,1,1,12.059529025483997,8.570216800894702,1.3894919398752663,29.02781023625247
844,42200,42249,4219.999999997821,4224.8999999978205,0.1,1.0,0,0,,5.184028552334535,2.4350313739479144,1.5296393659551746
845,42250,42299,4224.999999997839,4229.899999997839,15.0,30.0,1,1,0.1268531091934897,1.8020854981150267,1.0352963570329707,2.288748266383953
846,42300,42349,4229.999999997857,4234.899999997857,0.1,1.0,0,0,,1.6054685447942083,0.6445928023946991,2.1450292320425435
847,42350,42399,4234.999999997875,4239.899999997875,0.1,1.0,0,0,,0.0941713681370698,0.0071179346584784,1.5955531344940497
848,42400,42449,4239.999999997894,4244.899999997893,0.1,1.0,0,0,,0.0648227893465608,0.015838676709813,1.5252157141641935
849,42450,42499,4244.999999997912,4249.899999997911,0.1,1.0,0,0,,0.0166260621068229,0.0134924063951355,1.4075095430331723
850,42500,42549,4249.99999999793,4254.89999999793,0.1,1.0,0,0,,0.0498932493717875,0.0105658024727618,1.1774822808892107
851,42550,42599,4254.999999997948,4259.899999997948,3.0,30.0,1,1,0.099634948759756,0.7504755997184758,1.040449436027478,2.39006997389302
852,42600,42649,4259.999999997966,4264.899999997966,0.1,1.0,0,0,,10.769349654240145,3.025704045735464,45.91777699375495
853,42650,42699,4264.999999997985,4269.899999997984,0.1,5.0,1,1,11.832395448936689,3.6516381574018366,2.4466690175669727,4.677669093286993
854,42700,42749,4269.999999998003,4274.899999998002,0.1,1.0,0,0,,3.061248995187637,0.5257068383742933,4.003672156445955
855,42750,42799,4274.999999998021,4279.899999998021,0.1,30.0,1,1,3.1522077552923395,2.1003044550119894,0.1737719312948295,2.399122210107839
856,42800,42849,4279.999999998039,4284.899999998039,0.1,1.0,0,0,,1.8138888200751664,0.070020871255632,0.4193685037963248
857,42850,42899,4284.999999998057,4289.899999998057,0.1,30.0,1,1,2.976894091726121,1.145914601725359,0.2684218931673541,0.6208133582950608
858,42900,42949,4289.999999998076,4294.899999998076,0.1,1.0,0,0,,1.1906819578014136,0.511198040000092,0.9480889137473196
859,42950,42999,4294.999999998094,4299.899999998093,0.1,30.0,1,1,3.375525922238286,2.6573116364622718,0.4256596421550773,3.133113422676924
860,43000,43049,4299.999999998112,4304.8999999981115,0.1,1.0,0,0,,2.576741410999621,0.2372691197449658,1.4201446475589057
861,43050,43099,4304.99999999813,4309.89999999813,0.1,30.0,1,1,2.9673141546659325,1.4089091739280315,0.5536874902980465,1.4457179146355512
862,43100,43149,4309.999999998148,4314.899999998148,0.1,20.0,1,1,4.593416032246918,1.9415437432103464,0.1168941464541399,1.600324237082935
863,43150,43199,4314.999999998167,4319.899999998167,0.1,1.0,0,0,,2.733304612852515,0.2841094083912239,2.4350424536159814
864,43200,43249,4319.999999998185,4324.899999998184,0.1,30.0,1,1,3.004207739640729,1.5463158536319257,0.1177180048404664,1.1152190382125935
865,43250,43299,4324.999999998203,4329.8999999982025,0.1,1.0,0,0,,5.25937501420192,2.203377814236973,1.4815005535697678
866,43300,43349,4329.999999998221,4334.899999998221,0.1,1.5,1,1,16.930083048600004,6.233268956523796,0.7677405225452334,24.485511088231927
867,43350,43399,4334.999999998239,4339.899999998239,0.1,1.0,0,0,,19.13246657343051,1.5548252842871262,65.52956376109645
868,43400,43449,4339.999999998257,4344.899999998257,0.1,30.0,1,1,1.5363172232991458,12.016265518262598,0.6162722628265509,27.603054276046688
869,43450,43499,4344.999999998276,4349.899999998275,0.1,30.0,1,1,1.8574706267390144,1.5037141169223356,0.6602874041151177,1.5816865343044626
870,43500,43549,4349.999999998294,4354.899999998293,0.1,1.0,0,0,,2.823419102845888,1.129871990870833,4.456420654347294
871,43550,43599,4354.999999998312,4359.899999998312,0.1,30.0,1,1,2.6180866707106323,1.73573834238975,0.1003490975178142,1.2272280285653447
872,43600,43649,4359.99999999833,4364.89999999833,0.1,1.0,0,0,,1.7609166636063436,0.0796707353654265,0.945368056189684
873,43650,43699,4364.999999998348,4369.899999998348,0.1,30.0,1,1,2.8524030856658995,1.6225922348287454,0.2337301737044841,1.2578455448960115
874,43700,43749,4369.999999998367,4374.899999998366,0.1,1.0,0,0,,1.8994326874225689,0.0602319678732659,0.4703941057767395
875,43750,43799,4374.999999998385,4379.899999998384,0.1,30.0,1,1,2.809899500382694,1.730544528558606,0.0835562733415068,0.9722616479358926
876,43800,43849,4379.999999998403,4384.899999998403,0.1,1.0,0,0,,1.6788833596602992,0.0937456527942764,1.1879881670833934
877,43850,43899,4384.999999998421,4389.899999998421,0.1,30.0,1,1,2.746969602325254,2.202542363492516,0.2643377495039107,3.479460548076132
878,43900,43949,4389.999999998439,4394.899999998439,0.1,30.0,1,1,2.713846934248421,2.9110330871384207,0.1181516539322947,3.734638850005679
879,43950,43999,4394.9999999984575,4399.899999998457,0.1,1.0,0,0,,2.093692751295642,0.0803705321404874,1.273913275559117
880,44000,44049,4399.999999998476,4404.899999998475,0.1,30.0,1,1,2.70378379471092,1.5307415391188337,0.1271990956185985,0.6425068778710222
881,44050,44099,4404.999999998494,4409.8999999984935,0.1,1.0,0,0,,1.8159621377689883,0.0375193663450069,0.7324161742024826
882,44100,44149,4409.999999998512,4414.899999998512,0.1,3.0,1,1,22.152063790015863,2.658791276229501,0.6280927471904991,9.761029465496652
883,44150,44199,4414.99999999853,4419.89999999853,0.1,1.0,0,0,,8.84250397233033,3.4043951069465668,9.115234165121205
884,44200,44249,4419.999999998548,4424.899999998548,20.0,5.0,1,1,0.099160358274665,1.0422267779334664,0.9210878190781748,1.5575285085816093
885,44250,44299,4424.999999998567,4429.899999998566,0.1,1.0,0,0,,0.5981991857791287,0.2809317254894851,0.3052457784101284
886,44300,44349,4429.999999998585,4434.8999999985845,0.1,1.0,0,0,,0.4776339527728296,0.1837224041040399,0.3558227852036401
887,44350,44399,4434.999999998603,4439.899999998603,0.1,1.0,0,0,,0.3582646015428637,0.1142577130447403,0.8009806282403514
888,44400,44449,4439.999999998621,4444.899999998621,0.1,1.0,0,0,,0.2390611070657652,0.0545725289622672,1.1679164387572234
889,44450,44499,4444.999999998639,4449.899999998639,0.1,1.0,0,0,,0.2204082430861895,0.0347114994049006,0.95181684190037
890,44500,44549,4449.999999998658,4454.899999998657,0.1,1.0,0,0,,0.1800141062498291,0.0099316940655676,0.9705392851310222
891,44550,44599,4454.999999998676,4459.899999998675,0.1,1.0,0,0,,0.2071237557837005,0.0116663119141424,1.0700228402569405
892,44600,44649,4459.999999998694,4464.899999998694,0.1,1.0,0,0,,0.1867251298380396,0.016081194056023,1.4866352315214977
893,44650,44699,4464.999999998712,4469.899999998712,3.0,30.0,1,1,0.1520762001437954,0.605998286954732,0.7801393130463693,1.970015793455821
894,44700,44749,4469.99999999873,4474.89999999873,0.1,1.0,0,0,,5.362446734127539,3.1443173120117667,2.021209638590884
895,44750,44799,4474.9999999987485,4479.899999998748,0.1,2.0,1,1,34.68499734582482,1.2914522858375193,1.8457427247124272,1.47150221867293
896,44800,44849,4479.999999998767,4484.899999998766,0.1,1.0,0,0,,1.3049141654052228,0.2526462911943664,1.0771042201505716
897,44850,44899,4484.999999998785,4489.899999998785,0.1,30.0,1,1,3.584962316551119,0.8976566738764697,0.3895267133539075,0.2828862739360261
898,44900,44949,4489.999999998803,4494.899999998803,0.1,1.0,0,0,,2.246757982099684,0.4026884715176278,0.5425835908179785
899,44950,44999,4494.999999998821,4499.899999998821,0.2,30.0,1,1,3.268737398374475,1.5681573448389228,0.0873995171199388,1.9841701548264083
900,45000,45049,4499.99999999884,4504.89999999884,0.1,20.0,1,1,5.349098236634778,1.528135764464358,0.355985385829388,1.7743243291648372
901,45050,45099,4504.999999998858,4509.899999998857,0.1,1.0,0,0,,1.3302137444478108,0.2919446856985402,1.3988044205506611
902,45100,45149,4509.999999998876,4514.8999999988755,1.5,30.0,1,1,3.224729742556232,2.786916302390523,0.3781823867458952,1.0367220204149603
903,45150,45199,4514.999999998894,4519.899999998894,0.1,1.0,0,0,,2.283125749029661,0.1573177679221443,3.747172680282901
904,45200,45249,4519.999999998912,4524.899999998912,0.1,7.0,1,1,15.853703132225114,1.7117949722862575,0.4547552730346059,3.1755475199288186
905,45250,45299,4524.99999999893,4529.89999999893,0.1,1.0,0,0,,2.363028109243343,0.329019263497432,3.943676547366688
906,45300,45349,4529.999999998949,4534.899999998948,0.1,30.0,1,1,4.504053021933867,1.2628313875763433,0.3518128873516527,1.4079533071901584
907,45350,45399,4534.999999998967,4539.899999998966,0.1,1.0,0,0,,2.531997427087232,0.2123513117772981,3.145462718517882
908,45400,45449,4539.999999998985,4544.899999998985,0.1,30.0,1,1,4.40099607212295,1.227432697101483,0.3752786357014554,1.7194299032124107
909,45450,45499,4544.999999999003,4549.899999999003,0.1,30.0,1,1,4.691374354614653,2.1095564520058763,0.1911456518329378,2.808709739056336
910,45500,45549,4549.999999999021,4554.899999999021,0.1,1.0,0,0,,2.2656503597462847,0.1364507334763746,2.973967003025405
911,45550,45599,4554.99999999904,4559.899999999039,0.7,30.0,1,1,4.325716945980629,2.079192367050825,0.0959751133363888,1.3492018856722
912,45600,45649,4559.999999999058,4564.899999999057,0.1,1.0,0,0,,2.377665574739394,0.2258985744859877,2.1781457214721
913,45650,45699,4564.999999999076,4569.899999999076,3.0,30.0,1,1,2.9657608183080644,2.0740915401049382,0.5189563239573703,1.515270137219469
914,45700,45749,4569.999999999094,4574.899999999094,0.1,1.0,0,0,,6.325242547944437,3.0281669634350434,2.5817814627749787
915,45750,45799,4574.999999999112,4579.899999999112,30.0,15.0,1,1,0.0669477098827298,1.244221602305858,0.5569067142187929,1.196998048530712
916,45800,45849,4579.9999999991305,4584.89999999913,0.1,1.0,0,0,,0.4665787681127802,0.2284137159199862,2.147120761097168
917,45850,45899,4584.999999999149,4589.899999999148,30.0,3.0,1,1,0.1520411133623187,0.2589828443769529,0.4511334596522773,2.7420054791873327
918,45900,45949,4589.999999999167,4594.8999999991665,0.1,1.0,0,0,,0.7199659745762536,0.5417899691465135,6.624336672916495
919,45950,45999,4594.999999999185,4599.899999999185,0.1,1.0,0,0,,1.259326059470957,0.6737327707366518,3.959105967642742
920,46000,46049,4599.999999999203,4604.899999999203,0.1,1.0,0,0,,0.0977709398126824,0.0064703288586732,0.9391883155729928
921,46050,46099,4604.9999999992215,4609.899999999221,0.1,1.0,0,0,,0.0531710605888931,0.0127182203892867,1.3326567130668363
922,46100,46149,4609.99999999924,4614.899999999239,15.0,20.0,1,1,0.0499428094358239,0.7971394518592371,0.70897735336905,11.325272706700831
923,46150,46199,4614.999999999258,4619.8999999992575,0.1,1.0,0,0,,1.8575187621289748,0.8552560355359756,4.714369896446273
924,46200,46249,4619.999999999276,4624.899999999276,0.1,0.2,1,1,27.05325757293203,3.248077452193694,3.026339248391393,6.403642849875387
925,46250,46299,4624.999999999294,4629.899999999294,0.1,10.0,1,1,14.45361529750334,14.898279722276827,1.2973631771499043,55.616874265397634
926,46300,46349,4629.999999999312,4634.899999999312,0.1,1.0,0,0,,8.859228598032994,1.8166031812368708,24.524497924738757
927,46350,46399,4634.999999999331,4639.89999999933,0.1,5.0,1,1,32.69986048601961,1.7702654586972255,2.013937433626382,1.365549496878279
928,46400,46449,4639.999999999349,4644.899999999348,0.1,1.0,0,0,,1.983943687412893,1.3767469701150674,1.4723978043041444
929,46450,46499,4644.999999999367,4649.899999999367,0.1,30.0,1,1,7.720178555053727,2.3463673721794205,0.2423604063401992,1.3670950095871075
930,46500,46549,4649.999999999385,4654.899999999385,0.1,1.0,0,0,,2.234657426963558,0.1603265881614927,0.9275200627625338
931,46550,46599,4654.999999999403,4659.899999999403,0.1,30.0,1,1,7.828127064020578,2.1464744770237214,0.18361599349308,0.601492732392693
932,46600,46649,4659.999999999422,4664.899999999421,0.1,1.0,0,0,,3.165996152305407,0.1428462563298246,2.8420620452038947
933,46650,46699,4664.99999999944,4669.899999999439,0.1,30.0,1,1,7.803420043938447,1.981572655078056,0.1398427620355576,0.5016417508660755
934,46700,46749,4669.999999999458,4674.899999999458,0.1,30.0,1,1,7.781529569347005,2.1806014556079973,0.1775034912336088,0.9905684956603368
935,46750,46799,4674.999999999476,4679.899999999476,0.1,1.0,0,0,,2.4235966179851944,0.2295392233974854,0.8228513335262329
936,46800,46849,4679.999999999494,4684.899999999494,0.7,30.0,1,1,6.400481764773123,3.7663245186227887,0.4542924583267212,1.1538420019367877
937,46850,46899,4684.9999999995125,4689.899999999512,0.1,1.0,0,0,,1.7667621697899083,0.2014713572793884,0.3492704584999063
938,46900,46949,4689.999999999531,4694.89999999953,0.1,30.0,1,1,7.195765537498968,2.552766208327585,0.0305048832926762,1.2029396891685882
939,46950,46999,4694.999999999549,4699.8999999995485,0.1,1.0,0,0,,1.989112489954724,0.1194759195097665,1.016217583015243
940,47000,47049,4699.999999999567,4704.899999999567,0.15,30.0,1,1,7.253392282863968,2.727121745371769,0.0493760508327734,2.27314519391954
941,47050,47099,4704.999999999585,4709.899999999585,0.1,1.0,0,0,,1.91418036758655,0.1493478128287465,0.3455823556180702
942,47100,47149,4709.999999999604,4714.899999999604,0.1,30.0,1,1,7.273473542593464,2.2477805731995177,0.2691034897189952,1.9044724327241107
943,47150,47199,4714.999999999622,4719.899999999621,0.1,30.0,1,1,7.672793479016156,1.909734782697995,0.2704541878171915,0.3990098720002729
944,47200,47249,4719.99999999964,4724.8999999996395,0.1,1.0,0,0,,2.146148108158878,0.1827865782272964,1.204506463398105
945,47250,47299,4724.999999999658,4729.899999999658,0.1,30.0,1,1,8.25388989885256,2.48006718478174,0.2939281216023858,2.320884714165524
946,47300,47349,4729.999999999676,4734.899999999676,0.1,1.0,0,0,,4.219058931420017,0.143553987764675,4.893620207177026
947,47350,47399,4734.999999999694,4739.899999999694,0.15,20.0,1,1,12.004265182154477,3.087336018116354,0.037656096719149,2.7124622102905267
948,47400,47449,4739.999999999713,4744.899999999712,0.1,1.0,0,0,,3.6883681064943192,0.0717313668932289,3.6719900420306937
949,47450,47499,4744.999999999731,4749.89999999973,0.1,30.0,1,1,7.695428318952282,3.558939750896904,0.1137309546226286,3.3949643339914406
950,47500,47549,4749.999999999749,4754.899999999749,0.1,1.0,0,0,,3.0865596009771745,0.0525926819002556,3.1534232102979023
951,47550,47599,4754.999999999767,4759.899999999767,0.1,30.0,1,1,7.659711019208967,1.6179024840085103,0.3976136289391452,0.733975780265667
952,47600,47649,4759.999999999785,4764.899999999785,0.1,30.0,1,1,7.7468422680707745,3.0824837488585097,0.262803861367161,3.324944449330408
953,47650,47699,4764.999999999804,4769.899999999803,0.1,1.0,0,0,,3.765362261663869,0.0383501340129826,4.955331129636301
954,47700,47749,4769.999999999822,4774.899999999821,0.1,30.0,1,1,7.964048105641815,4.578039727491296,0.1296652459826603,6.085288945294094
955,47750,47799,4774.99999999984,4779.89999999984,0.1,1.0,0,0,,6.605763791375637,0.2919774050915895,9.605584981732086
956,47800,47849,4779.999999999858,4784.899999999858,0.3,15.0,1,1,15.263755425500715,3.294852633571894,0.1725773352072327,4.188273049510611
957,47850,47899,4784.999999999876,4789.899999999876,0.1,1.0,0,0,,5.096982034523973,0.9528299774133044,5.694124138151381
958,47900,47949,4789.999999999895,4794.899999999895,0.1,5.0,1,1,30.015524744195304,3.0801767039761767,0.3415301066778689,4.455309285146773
959,47950,47999,4794.999999999913,4799.899999999912,0.1,1.0,0,0,,9.239537458023271,4.907281119021508,3.10544971034244
960,48000,48049,4799.999999999931,4804.8999999999305,30.0,15.0,1,1,0.0584359746650662,0.3610698576301893,0.1836261532277041,5.204843382403436
961,48050,48099,4804.999999999949,4809.899999999949,0.1,1.0,0,0,,0.133354693331982,0.0421586157179665,0.6498798606074412
962,48100,48149,4809.999999999967,4814.899999999967,0.1,1.0,0,0,,0.0887532231905072,0.0064891809800319,0.7954777633816588
963,48150,48199,4814.999999999985,4819.899999999985,0.1,1.0,0,0,,0.0721358123631841,0.0120818282159144,1.0246769483533475
964,48200,48249,4820.000000000004,4824.900000000003,0.1,1.0,0,0,,0.0589544249343431,0.0125492465476602,0.952017144701672
965,48250,48299,4825.000000000022,4829.9000000000215,0.1,1.0,0,0,,0.0511755785859914,0.0145770075652032,0.9041311475858576
966,48300,48349,4830.00000000004,4834.90000000004,7.0,30.0,1,1,0.0679713229428666,0.9351226009949852,0.7542912774211213,6.962920029851926
967,48350,48399,4835.000000000058,4839.900000000058,0.1,1.0,0,0,,6.569752342191731,2.43137610363568,24.81245564962604
968,48400,48449,4840.000000000076,4844.900000000076,0.1,1.0,1,1,48.80827932005807,2.039924499858635,1.6909108944085975,11.039015733201568
969,48450,48499,4845.000000000095,4849.900000000094,0.1,1.0,0,0,,14.57087099665984,0.6150587021221843,45.51838698744197
970,48500,48549,4850.000000000113,4854.900000000112,0.1,30.0,1,1,2.606954156010568,4.307045686704237,0.6543373966016773,17.569036695627585
971,48550,48599,4855.000000000131,4859.900000000131,0.5,20.0,1,1,10.182480258051855,3.521962519862025,2.572584078423219,1.4770574591731498
972,48600,48649,4860.000000000149,4864.900000000149,0.1,1.0,0,0,,2.4756777577440654,1.1839246066984888,2.6805712483908617
973,48650,48699,4865.000000000167,4869.900000000167,0.1,30.0,1,1,7.704919909263598,1.8548209673039011,0.3998783953348111,0.844483089581792
974,48700,48749,4870.0000000001855,4874.900000000185,0.1,1.0,0,0,,1.7974502307394682,0.3330799814138256,1.839223610042594
975,48750,48799,4875.000000000204,4879.900000000203,0.1,15.0,1,1,16.215120699315673,2.824358101429904,0.24019930031202,3.401025824819751
976,48800,48849,4880.000000000222,4884.900000000222,0.1,1.0,0,0,,6.927058097933249,0.3507922104563263,9.03327619199397
977,48850,48899,4885.00000000024,4889.90000000024,0.1,5.0,1,1,49.72057058868265,3.327728439903701,0.1829743566433291,7.274608812307758
978,48900,48949,4890.000000000258,4894.900000000258,0.1,1.0,0,0,,21.720351157651866,0.1042412735211073,33.29583512893747
979,48950,48999,4895.0000000002765,4899.900000000276,0.1,30.0,1,1,7.992160993719675,1.9587679286680415,0.6987484668634716,1.216692315124926
980,49000,49049,4900.000000000295,4904.900000000294,0.15,2.0,1,1,49.61275077682424,8.258986722786924,2.132846043782017,14.754650289670757
981,49050,49099,4905.000000000313,4909.9000000003125,0.1,1.0,0,0,,15.978501629134628,2.849322664237038,30.83462075419845
982,49100,49149,4910.000000000331,4914.900000000331,0.1,7.0,1,1,21.598976653276495,11.40123220371989,1.5184699110545763,40.99876755612917
983,49150,49199,4915.000000000349,4919.900000000349,0.1,1.0,0,0,,29.14777926866193,0.7469224349938303,95.95668270747402
984,49200,49249,4920.000000000367,4924.900000000367,0.1,3.0,1,1,36.602897235142,8.47333791226965,1.2800871861117975,35.19009475966274
985,49250,49299,4925.000000000386,4929.900000000385,0.1,1.0,0,0,,30.642017941951305,0.488915510089823,91.59123521715732
986,49300,49349,4930.000000000404,4934.900000000403,0.1,1.0,1,1,74.4272258562836,6.988677436240231,3.546744022327722,33.44965201332331
987,49350,49399,4935.000000000422,4939.900000000422,0.1,1.0,0,0,,32.67386462804728,0.2557263740154425,86.15007293949321
988,49400,49449,4940.00000000044,4944.90000000044,0.1,0.3,1,1,220.37550715397296,7.507009958286475,4.770880831289261,29.23738715607712
989,49450,49499,4945.000000000458,4949.900000000458,0.1,20.0,1,1,7.428028667018901,14.77828841041904,0.9816080561460868,26.408852241887285
990,49500,49549,4950.000000000477,4954.900000000476,0.1,1.0,0,0,,8.478934827695934,0.2792195844508124,13.907424762771038
991,49550,49599,4955.000000000495,4959.900000000494,0.1,20.0,1,1,9.598589979200874,1.98310407471854,1.0435151531368028,3.53059302090435
992,49600,49649,4960.000000000513,4964.900000000513,0.1,1.0,0,0,,1.749158222186503,0.4189108481031332,1.5787561242199846
993,49650,49699,4965.000000000531,4969.900000000531,0.1,30.0,1,1,6.880924208589423,1.9176932136097609,0.1353096311930089,1.1407273592758127
994,49700,49749,4970.000000000549,4974.900000000549,0.1,1.0,0,0,,3.2383275522741557,0.6436156282535339,0.8226758108113732
995,49750,49799,4975.000000000568,4979.900000000568,0.2,7.0,1,1,20.745470229241903,1.878055705330892,0.2466021597371042,1.4749886171733002
996,49800,49849,4980.000000000586,4984.900000000585,0.1,1.0,0,0,,7.856907453363067,2.625005996481815,15.584746374393893
997,49850,49899,4985.000000000604,4989.9000000006035,0.1,7.0,1,1,7.765407438844975,20.196157274896585,0.3705574956934058,92.79253781118392
998,49900,49949,4990.000000000622,4994.900000000622,30.0,0.1,1,1,1.7483822432735667,28.022204980588537,0.6712769390199067,103.36208963551982
999,49950,49999,4995.00000000064,4999.90000000064,0.1,1.0,0,0,,27.720956692014045,0.7019098434765192,104.3380828760396
1000,50000,50049,5000.0000000006585,5004.900000000658,30.0,0.1,1,1,2.3695785865369534,16.418581708627134,1.577009588891402,104.18329429602127
1001,50050,50099,5005.000000000677,5009.900000000676,0.1,1.0,0,0,,27.945790729588683,0.5561541912280616,114.75896901926964
1002,50100,50149,5010.000000000695,5014.9000000006945,0.1,5.0,1,1,18.80373337202159,2.2414456163830003,2.0187781820658723,5.512409043799997
1003,50150,50199,5015.000000000713,5019.900000000713,0.1,1.0,0,0,,4.650546273629054,1.4722619651807407,7.78339687882352
1004,50200,50249,5020.000000000731,5024.900000000731,0.1,30.0,1,1,5.63219252953253,1.5913620631173018,0.6143270608057209,1.9976322688567496
1005,50250,50299,5025.000000000749,5029.900000000749,0.1,1.0,0,0,,1.2126189076386669,0.5078805786522504,0.9798816436385528
1006,50300,50349,5030.000000000768,5034.900000000767,0.1,30.0,1,1,6.12756650429316,1.482693690872562,0.8566891350176228,1.1471171285467625
1007,50350,50399,5035.000000000786,5039.900000000785,0.1,30.0,1,1,7.549485762934272,1.1739757783326057,0.7698862304705361,0.8268451839104997
1008,50400,50449,5040.000000000804,5044.900000000804,0.1,1.0,0,0,,2.211349042079151,0.2804027335034677,1.8146473154436051
1009,50450,50499,5045.000000000822,5049.900000000822,0.1,30.0,1,1,7.310496543625485,2.125594641327008,0.0997059580976763,0.7090551292903691
1010,50500,50549,5050.00000000084,5054.90000000084,0.1,1.0,0,0,,3.0806783084192944,0.090417558751975,2.777004117883161
1011,50550,50599,5055.000000000859,5059.900000000858,1.5,20.0,1,1,8.092521498886413,2.714904595371603,0.6581168853190872,1.0118658954702988
1012,50600,50649,5060.000000000877,5064.900000000876,0.1,1.0,0,0,,7.484960736566649,3.55325288516256,5.996506827641957
1013,50650,50699,5065.000000000895,5069.900000000895,0.1,2.0,1,1,14.686689936371623,3.5065354959784063,2.110012973676674,16.408613347762167
1014,50700,50749,5070.000000000913,5074.900000000913,0.1,1.0,0,0,,22.8678488477788,1.3605124069498151,89.12644022214356
1015,50750,50799,5075.000000000931,5079.900000000931,0.1,0.2,1,1,164.04883770240116,11.610819385790476,3.3854765009266754,55.44976576028685
1016,50800,50849,5080.0000000009495,5084.900000000949,0.1,10.0,1,1,7.734119975205526,14.672728425425392,0.392309223040508,29.96661108525469
1017,50850,50899,5085.000000000968,5089.900000000967,0.1,1.0,0,0,,2.816333378824285,0.8556562840288718,4.9933210425241406
1018,50900,50949,5090.000000000986,5094.9000000009855,0.1,15.0,1,1,6.148441711968481,1.3293014744366949,0.4610354813633909,3.4356851387455745
1019,50950,50999,5095.000000001004,5099.900000001004,0.1,1.0,0,0,,3.791811472660344,0.8649715656184859,6.865728229547667
1020,51000,51049,5100.000000001022,5104.900000001022,15.0,30.0,1,1,0.4901833811406131,3.030527238686549,1.485026468249974,3.464195303017254
1021,51050,51099,5105.0000000010405,5109.90000000104,0.1,1.0,0,0,,3.9438751027868513,2.4066101925237158,5.479078926280928
1022,51100,51149,5110.000000001059,5114.900000001058,0.1,30.0,1,1,1.2694620106107533,1.4724776713213117,0.9419138067509002,4.044551359716858
1023,51150,51199,5115.000000001077,5119.9000000010765,0.1,1.0,0,0,,3.882841998872891,0.7132129352826084,11.621067123376625
1024,51200,51249,5120.000000001095,5124.900000001095,0.1,30.0,1,1,2.350455271663181,2.69135690547498,0.4721661414164324,5.880835981102216
1025,51250,51299,5125.000000001113,5129.900000001113,3.0,30.0,1,1,1.2217773222399029,2.6893039979626856,0.9020541716275862,6.712655863526121
1026,51300,51349,5130.000000001131,5134.900000001131,0.1,1.0,0,0,,4.400749396926149,1.2766197459739788,16.86096171693047
1027,51350,51399,5135.00000000115,5139.900000001149,0.1,7.0,1,1,6.901119068446731,1.82900487602171,1.1725765067751606,8.676275998520918
1028,51400,51449,5140.000000001168,5144.900000001167,0.1,1.0,0,0,,2.229813494243058,1.3884499187265045,1.8753473081950105
1029,51450,51499,5145.000000001186,5149.900000001186,0.1,15.0,1,1,5.783528757328856,0.7379320140604985,0.4221921222382566,0.7088977276355335
1030,51500,51549,5150.000000001204,5154.900000001204,0.1,1.0,0,0,,1.842888052780576,0.4400213361034309,4.678271699332742
1031,51550,51599,5155.000000001222,5159.900000001222,0.1,30.0,1,1,3.43527998562918,2.3876447621929944,0.4458740016232987,3.913249128150449
1032,51600,51649,5160.000000001241,5164.90000000124,0.1,1.0,0,0,,1.0052000440100282,0.3552192939952077,1.2217718409111546
1033,51650,51699,5165.000000001259,5169.900000001258,0.1,30.0,1,1,3.849501884583276,1.5330759517691388,0.6110760362878602,1.790577997080148
1034,51700,51749,5170.000000001277,5174.900000001277,0.1,1.0,1,1,49.77968642591846,5.5762927079509845,2.476718385567958,4.465878009416155
1035,51750,51799,5175.000000001295,5179.900000001295,0.1,1.0,0,0,,11.219804239117565,5.04185170800414,34.187800333803324
1036,51800,51849,5180.000000001313,5184.900000001313,3.0,15.0,1,1,4.2251146532637165,5.499942453860415,4.149929836252605,13.71410983072674
1037,51850,51899,5185.000000001332,5189.900000001332,0.1,1.0,0,0,,27.46372896906954,0.5214350778141765,95.33159681391582
1038,51900,51949,5190.00000000135,5194.900000001349,0.2,0.1,1,1,149.29469052521654,10.157695386555842,4.403756554959483,56.23449416579525
1039,51950,51999,5195.000000001368,5199.9000000013675,0.1,1.0,0,0,,32.24849875608709,1.6148073782693984,104.66220901897668
1040,52000,52049,5200.000000001386,5204.900000001386,0.1,0.7,1,1,66.47666383271564,6.348895479230441,2.932770017149628,38.8625467459625
1041,52050,52099,5205.000000001404,5209.900000001404,0.1,1.0,0,0,,20.617498982832053,1.8341214141417823,56.04567718380193
1042,52100,52149,5210.000000001422,5214.900000001422,0.1,30.0,1,1,2.7271744660426878,1.0655344793390369,0.6938742190309611,1.9694382017389969
1043,52150,52199,5215.000000001441,5219.90000000144,0.1,30.0,1,1,3.218427105809928,1.9629723319500985,0.141673707323645,2.384752098302006
1044,52200,52249,5220.000000001459,5224.9000000014585,0.1,1.0,0,0,,1.37995334102736,0.5132651088652495,1.7364626172859576
1045,52250,52299,5225.000000001477,5229.900000001477,1.0,30.0,1,1,3.1988647133262,3.3242639566972856,0.2713425449013056,2.3533050666753783
1046,52300,52349,5230.000000001495,5234.900000001495,0.1,1.0,0,0,,3.913552841712875,0.0600288522069976,7.617638015822443
1047,52350,52399,5235.000000001513,5239.900000001513,0.1,30.0,1,1,3.391911808014401,1.9482614732468613,0.1722551396361933,4.014443339057268
1048,52400,52449,5240.000000001532,5244.900000001531,0.1,1.0,0,0,,2.707615103392158,0.3938829989496906,4.251681855248625
1049,52450,52499,5245.00000000155,5249.900000001549,2.0,15.0,1,1,4.04402233208806,2.341264060039736,0.5861124016537524,6.171540706755597
1050,52500,52549,5250.000000001568,5254.900000001568,0.1,1.0,0,0,,7.307320664919897,0.5544312012428094,52.54950019681265
1051,52550,52599,5255.000000001586,5259.900000001586,0.1,30.0,1,1,0.8581699911374521,5.441661292452624,1.473513276400236,14.783850729453274
1052,52600,52649,5260.000000001604,5264.900000001604,0.1,5.0,1,1,16.357805287943012,10.475099397562866,1.1680552429029871,59.60583049551409
1053,52650,52699,5265.000000001623,5269.900000001623,0.1,1.0,0,0,,5.12682482556161,0.7273426822001671,33.28739224045271
1054,52700,52749,5270.000000001641,5274.90000000164,0.1,3.0,1,1,7.198317196595153,2.483039399579915,0.6406127049421383,32.182607525381925
1055,52750,52799,5275.000000001659,5279.900000001659,0.1,1.0,0,0,,4.316612478269112,2.3118522992748898,3.3549884416231897
1056,52800,52849,5280.000000001677,5284.900000001677,1.5,30.0,1,1,0.9152479328960534,2.473070607856505,0.7635775436011013,3.6387765906758345
1057,52850,52899,5285.000000001695,5289.900000001695,0.1,1.0,0,0,,1.2156165305205784,0.7832708959496105,11.058970575449273
1058,52900,52949,5290.0000000017135,5294.900000001713,0.1,0.5,1,1,49.28499754892603,4.633309024235341,3.0768469160146266,23.310519356781683
1059,52950,52999,5295.000000001732,5299.900000001731,0.1,1.0,0,0,,2.7034727771505978,0.084096603681385,7.648718021951637
1060,53000,53049,5300.00000000175,5304.9000000017495,0.1,15.0,1,1,3.1683185655000905,6.842986501324872,0.5849317053974086,17.11473980640075
1061,53050,53099,5305.000000001768,5309.900000001768,0.1,3.0,1,1,31.16016181450509,15.666625100251752,1.080714805339081,70.82798883868475
1062,53100,53149,5310.000000001786,5314.900000001786,0.1,1.0,0,0,,12.313351812326855,1.5383258390132797,31.729100706426493
1063,53150,53199,5315.000000001804,5319.900000001804,0.1,5.0,1,1,22.559114456897056,11.021538138157778,1.5927775077226451,59.87534257293781
1064,53200,53249,5320.000000001823,5324.900000001822,0.1,1.0,0,0,,19.31204592375388,0.8995903774857655,89.33589656942533
1065,53250,53299,5325.000000001841,5329.90000000184,0.1,3.0,1,1,13.910875167638736,2.319860828900496,0.7013101926578819,11.57344022459361
1066,53300,53349,5330.000000001859,5334.900000001859,0.1,1.0,0,0,,5.704664930594236,0.4933927741664988,18.78155330562955
1067,53350,53399,5335.000000001877,5339.900000001877,0.1,0.5,1,1,58.79465015381537,5.166154727036408,0.5994025473426783,33.77207182842917
1068,53400,53449,5340.000000001895,5344.900000001895,0.1,1.0,0,0,,3.6889878015780737,1.40220986107541,9.05941085684129
1069,53450,53499,5345.000000001914,5349.900000001913,0.1,1.0,1,1,27.3801958198181,9.426511426698015,0.7014086445097125,48.23311541613128
1070,53500,53549,5350.000000001932,5354.900000001931,0.1,2.0,1,1,30.36614302394991,4.551640243737857,2.04683785548232,36.61103736471868
1071,53550,53599,5355.00000000195,5359.90000000195,0.1,1.0,0,0,,2.576412403256057,0.501425339457186,8.237776405804297
1072,53600,53649,5360.000000001968,5364.900000001968,0.1,30.0,1,1,1.5728387083824389,13.546609549697996,1.3342948213788506,75.41151858447998
1073,53650,53699,5365.000000001986,5369.900000001986,0.1,1.0,0,0,,18.35759239424279,0.9540115493999898,103.0808970176818
1074,53700,53749,5370.0000000020045,5374.900000002004,0.1,2.0,1,1,63.63862362855263,2.658126675382465,2.394837590357148,2.9420575566181224
1075,53750,53799,5375.000000002023,5379.900000002022,0.1,1.0,0,0,,1.9160538168775816,0.1082275606902348,3.5407291673067123
1076,53800,53849,5380.000000002041,5384.9000000020405,0.1,30.0,1,1,6.369999393496124,4.266283813509774,0.655875897080289,9.835777803714349
1077,53850,53899,5385.000000002059,5389.900000002059,0.1,30.0,1,1,7.846622819562039,2.458579960495945,0.3225873452603021,3.753290789356704
1078,53900,53949,5390.000000002077,5394.900000002077,0.1,1.0,0,0,,2.46706841252789,0.760628745483717,4.380911485789594
1079,53950,53999,5395.000000002096,5399.900000002096,0.1,30.0,1,1,7.716603257223688,3.0492547841661155,0.6114226432115292,0.908481682461106
1080,54000,54049,5400.000000002114,5404.900000002113,0.1,1.0,0,0,,2.031783925754868,0.3723691919025774,1.1372757358395285
1081,54050,54099,5405.000000002132,5409.9000000021315,5.0,30.0,1,1,3.167962973471641,6.491136741374455,0.8535174921572297,9.349118452788966
1082,54100,54149,5410.00000000215,5414.90000000215,0.1,1.0,0,0,,14.973261224848397,0.3641967296580175,68.61126928636118
1083,54150,54199,5415.000000002168,5419.900000002168,0.1,1.5,1,1,80.16484962186873,4.129888005835901,3.1819834840243715,12.86153323068744
1084,54200,54249,5420.000000002186,5424.900000002186,0.1,1.0,0,0,,8.54484034331236,2.078333266138444,15.093048597746831
1085,54250,54299,5425.000000002205,5429.900000002204,0.1,30.0,1,1,10.964664349796298,2.406339180346938,1.6542307252827624,1.438125409077189
1086,54300,54349,5430.000000002223,5434.900000002222,0.7,30.0,1,1,28.478713796568787,4.604675559588288,3.2750147891163577,0.8613999937953875
1087,54350,54399,5435.000000002241,5439.900000002241,0.1,1.0,0,0,,3.230097365923551,0.4291428431247823,2.3888922092379503
1088,54400,54449,5440.000000002259,5444.900000002259,0.1,30.0,1,1,21.99876899390954,5.948458069663861,1.360653549378742,2.26129431000999
1089,54450,54499,5445.000000002277,5449.900000002277,0.1,1.0,0,0,,3.482929613167207,0.4768100608368663,1.6667590627706623
1090,54500,54549,5450.000000002296,5454.900000002295,0.1,30.0,1,1,16.953515504126475,4.702659958320804,1.0981495451382153,0.6136575193517215
1091,54550,54599,5455.000000002314,5459.900000002313,0.1,1.0,0,0,,3.655762900515376,0.7401781225341497,2.1451326014026275
1092,54600,54649,5460.000000002332,5464.900000002332,2.0,30.0,1,1,11.867084169527493,2.7596228919620143,0.3685840140635048,4.667564941190649
1093,54650,54699,5465.00000000235,5469.90000000235,0.1,1.0,0,0,,6.435715979865639,3.021651350051956,6.025255457883211
1094,54700,54749,5470.000000002368,5474.900000002368,0.1,20.0,1,1,5.729465509706103,4.077806261519382,0.672301779353448,9.7064592521112
1095,54750,54799,5475.0000000023865,5479.900000002386,0.7,30.0,1,1,16.430040039568286,6.315931439706984,3.312359612546482,10.620094890141466
1096,54800,54849,5480.000000002405,5484.900000002404,0.1,1.0,0,0,,6.440348228268569,1.8751891246415384,8.886634755061248
1097,54850,54899,5485.000000002423,5489.9000000024225,0.3,30.0,1,1,23.22410841592372,2.247820353782054,1.0384324854685851,1.3097094279788744
1098,54900,54949,5490.000000002441,5494.900000002441,0.1,1.0,0,0,,4.650204391658746,0.7493630818909532,2.6728725206081885
1099,54950,54999,5495.000000002459,5499.900000002459,5.0,30.0,1,1,15.4558846868575,7.539010437744893,0.444207512778058,0.6070699018726984
1100,55000,55049,5500.0000000024775,5504.900000002477,0.1,1.0,0,0,,4.245889308702782,1.027615242526866,2.6745415174799616
1101,55050,55099,5505.000000002496,5509.900000002495,7.0,30.0,1,1,8.754182808458602,6.303017358277507,0.8255416990612168,15.983879301961313
1102,55100,55149,5510.000000002514,5514.9000000025135,0.1,1.0,0,0,,32.01423454617114,0.2941804671738319,95.14908609091567
1103,55150,55199,5515.000000002532,5519.900000002532,0.1,0.3,1,1,402.95029681443816,12.468575932917624,5.27087226238781,49.86364023311571
1104,55200,55249,5520.00000000255,5524.90000000255,0.1,1.5,1,1,318.7125219653849,29.427292371176176,1.6549458299155086,99.04138845865816
1105,55250,55299,5525.000000002568,5529.900000002568,0.1,1.0,0,0,,39.18594761271535,1.8400673422163876,99.9532573584418
1106,55300,55349,5530.000000002587,5534.900000002586,0.1,15.0,1,1,25.711948859283385,14.560282038520173,1.5845807018150413,36.18296810239827
1107,55350,55399,5535.000000002605,5539.900000002604,0.1,1.0,0,0,,4.956351969110962,0.3264673193741383,9.67076734814118
1108,55400,55449,5540.000000002623,5544.900000002623,0.1,15.0,1,1,19.236565364130207,1.7279127839109725,0.3969128746796768,1.4695630602663343
1109,55450,55499,5545.000000002641,5549.900000002641,0.1,1.0,0,0,,2.0518625165422057,0.1725835742872068,1.22136116229556
1110,55500,55549,5550.000000002659,5554.900000002659,0.1,20.0,1,1,15.867525413112004,1.85489554602523,0.5266167033982542,1.8857200167969463
1111,55550,55599,5555.000000002678,5559.900000002677,0.1,1.0,0,0,,2.263257890465796,0.1947895723751884,1.9032300501839867
1112,55600,55649,5560.000000002696,5564.900000002695,1.5,30.0,1,1,10.370466424108336,1.3143972267919262,0.3817034589152127,1.386449567406778
1113,55650,55699,5565.000000002714,5569.900000002714,0.1,30.0,1,1,6.179674156021004,3.6176263048135526,0.6086466386120789,3.8941728648828047
1114,55700,55749,5570.000000002732,5574.900000002732,0.1,1.0,0,0,,8.075700668465377,2.070766622293445,12.562703886563035
1115,55750,55799,5575.00000000275,5579.90000000275,0.1,3.0,1,1,44.035959360310684,10.141278393292737,2.057955249276036,78.0351685869014
1116,55800,55849,5580.0000000027685,5584.900000002768,0.1,1.0,0,0,,22.23099745350702,0.9932989441585928,75.84202624282543
1117,55850,55899,5585.000000002787,5589.900000002786,0.1,7.0,1,1,37.44677268327447,2.167959256956028,1.7419023164969,4.909915121290815
1118,55900,55949,5590.000000002805,5594.9000000028045,0.1,1.0,0,0,,6.056455913741701,2.2935172287879,8.146321605945381
1119,55950,55999,5595.000000002823,5599.900000002823,0.1,30.0,1,1,17.870248115230368,2.19659618026676,0.4001826266320441,1.6078137528722478
1120,56000,56049,5600.000000002841,5604.900000002841,0.1,1.0,0,0,,2.0793422194445426,0.5563050198238613,1.7253543578682835
1121,56050,56099,5605.000000002859,5609.900000002859,1.5,30.0,1,1,17.623604619439952,2.372589951997891,0.2799262364101739,1.4997385483161734
1122,56100,56149,5610.000000002878,5614.900000002877,0.1,30.0,1,1,11.858216730034991,4.280069348552996,0.8858794013715218,2.8226293570038403
1123,56150,56199,5615.000000002896,5619.9000000028955,0.1,1.0,0,0,,6.124917648524169,2.841169753925212,6.974734982075784
1124,56200,56249,5620.000000002914,5624.900000002914,0.1,7.0,1,1,47.47239016158867,15.031153376179876,1.20405767848408,55.56673805269259
1125,56250,56299,5625.000000002932,5629.900000002932,0.1,1.0,0,0,,26.40706286657352,1.1902645766525248,83.8451624532352
1126,56300,56349,5630.00000000295,5634.90000000295,0.1,3.0,1,1,68.85561889815297,8.244512630795613,2.368044776522511,39.50978440114004
1127,56350,56399,5635.000000002969,5639.900000002968,0.1,1.0,0,0,,16.158062906157856,1.5055341903261086,37.70730744911729
1128,56400,56449,5640.000000002987,5644.900000002986,0.1,5.0,1,1,77.57121465285549,2.2497232071575333,1.6964559694806365,3.3398539580179185
1129,56450,56499,5645.000000003005,5649.900000003005,0.1,1.0,0,0,,7.666082482095979,1.638835066116144,7.489787183136575
1130,56500,56549,5650.000000003023,5654.900000003023,0.1,1.5,1,1,272.1599773455152,5.749181276351642,0.6155046697534058,11.190956756668
1131,56550,56599,5655.000000003041,5659.900000003041,0.3,30.0,1,1,19.182876451397448,5.2019727524833765,1.8964784271239987,6.668415619643845
1132,56600,56649,5660.00000000306,5664.90000000306,0.1,1.0,0,0,,6.645951114163726,0.9554461298432118,7.763598198182637
1133,56650,56699,5665.000000003078,5669.900000003077,0.1,30.0,1,1,14.819736285458442,4.463612529484414,0.3574739191632572,5.042729300113796
1134,56700,56749,5670.000000003096,5674.900000003096,0.1,1.0,0,0,,3.3736893493541347,0.4271669014411378,3.136200884696568
1135,56750,56799,5675.000000003114,5679.900000003114,0.15,20.0,1,1,21.357013991576054,2.631775389370723,0.2293748581501259,2.3356465686684804
1136,56800,56849,5680.000000003132,5684.900000003132,0.1,1.0,0,0,,5.538690661871189,1.7000832671693706,2.336578949990049
1137,56850,56899,5685.000000003151,5689.900000003151,1.5,30.0,1,1,10.252268285673445,2.865098430828027,0.2223197262441479,3.2157015419103976
1138,56900,56949,5690.000000003169,5694.900000003168,0.1,1.0,0,0,,2.3834417973393074,0.6870284577992798,0.6436910309780083
1139,56950,56999,5695.000000003187,5699.9000000031865,0.5,0.7,1,1,107.16882764507258,1.5823836831702898,2.4521624437330805,1.6691067036776384
1140,57000,57049,5700.000000003205,5704.900000003205,0.1,1.0,0,0,,0.4439194923712506,0.1941853326373758,0.908822536409428
1141,57050,57099,5705.000000003223,5709.900000003223,0.1,1.0,0,0,,0.3062533377706669,0.1114890145715421,0.5677781868663616
1142,57100,57149,5710.000000003241,5714.900000003241,0.1,1.0,0,0,,0.1495617954243523,0.0247950923263671,0.814710282159065
1143,57150,57199,5715.00000000326,5719.900000003259,0.1,1.0,0,0,,0.1184293963278279,0.0224392500863822,1.224656718320412
1144,57200,57249,5720.000000003278,5724.9000000032775,0.1,1.0,0,0,,0.2322084922321713,0.1138724345098599,1.3818933492277108
1145,57250,57299,5725.000000003296,5729.900000003296,0.1,0.5,1,1,37.05056357859519,1.9668328518534828,1.315641649395522,9.33134362063972
1146,57300,57349,5730.000000003314,5734.900000003314,0.7,20.0,1,1,6.907807818277135,6.220271388283577,2.16871961682549,24.7245035285786
1147,57350,57399,5735.000000003332,5739.900000003332,0.1,1.0,0,0,,8.903209004781614,0.6709395143037367,32.364420520730675
1148,57400,57449,5740.000000003351,5744.90000000335,0.7,30.0,1,1,5.976132008886992,7.384473665150497,0.2294529119665495,23.11606718689625
1149,57450,57499,5745.000000003369,5749.900000003368,0.1,1.0,0,0,,12.518967355119342,0.2361812078162964,37.32785069535632
1150,57500,57549,5750.000000003387,5754.900000003387,0.1,10.0,1,1,14.240880430056588,2.45903567783938,0.2568891039417758,12.19226428497203
1151,57550,57599,5755.000000003405,5759.900000003405,0.1,1.0,0,0,,9.59846301657176,0.3099275004723838,24.54758466521869
1152,57600,57649,5760.000000003423,5764.900000003423,5.0,20.0,1,1,3.452970163741369,4.68180292511579,1.0720183636803244,7.175495355076484
1153,57650,57699,5765.0000000034415,5769.900000003441,0.1,1.0,0,0,,4.7500326601463945,1.757101665505647,10.992232262657533
1154,57700,57749,5770.00000000346,5774.900000003459,0.1,30.0,1,1,6.823196817928674,1.8012860192563354,0.066483564036597,3.197928242419134
1155,57750,57799,5775.000000003478,5779.9000000034775,0.1,30.0,1,1,9.670304983046364,4.379051040682899,1.0313069247250872,10.428264788740188
1156,57800,57849,5780.000000003496,5784.900000003496,0.1,1.0,0,0,,3.4138932831683424,0.5537838100104253,4.1133751995755725
1157,57850,57899,5785.000000003514,5789.900000003514,0.1,30.0,1,1,7.459725058502778,2.2989650405160305,0.355017902643595,0.5746717857560367
1158,57900,57949,5790.0000000035325,5794.900000003532,0.1,1.0,0,0,,3.183899535661788,0.2721759451358264,6.485417988705264
1159,57950,57999,5795.000000003551,5799.90000000355,0.7,30.0,1,1,6.671059882578128,2.5724160408557384,0.1740345161373913,3.8049939328977858
1160,58000,58049,5800.000000003569,5804.9000000035685,0.1,1.0,0,0,,2.0422920859881395,0.5662835954418612,2.4013487036367387
1161,58050,58099,5805.000000003587,5809.900000003587,0.15,0.5,1,1,125.08121122959948,4.825828822613146,1.232946139529808,28.553425141887317
1162,58100,58149,5810.000000003605,5814.900000003605,0.1,1.0,0,0,,7.587758927900681,1.678259744869441,61.58179461192327
1163,58150,58199,5815.000000003623,5819.900000003623,5.0,20.0,1,1,0.8181076208841312,1.1649145113132582,1.1696941378349428,3.9354156714062767
1164,58200,58249,5820.000000003642,5824.900000003641,0.1,1.0,0,0,,1.2142797823127558,0.3914315083865285,39.459433219163934
1165,58250,58299,5825.00000000366,5829.900000003659,0.1,1.0,0,0,,0.2018154400826436,0.0134964949041672,0.7954946867741286
1166,58300,58349,5830.000000003678,5834.900000003678,0.1,1.0,0,0,,0.1260448172613072,0.0168126872057762,1.0743467971664165
1167,58350,58399,5835.000000003696,5839.900000003696,3.0,30.0,1,1,0.0502928651817637,1.2650742894049782,0.7072938158623401,14.210975788934752
1168,58400,58449,5840.000000003714,5844.900000003714,0.1,1.0,0,0,,7.054862032464651,1.874317472482215,46.898478908528816
1169,58450,58499,5845.000000003733,5849.900000003732,0.1,3.0,1,1,36.00473280497735,2.3282260613203847,0.8512506152185457,9.541909058190122
1170,58500,58549,5850.000000003751,5854.90000000375,0.1,1.0,0,0,,9.303147835031094,0.6436798303382928,29.12880988067293
1171,58550,58599,5855.000000003769,5859.900000003769,0.1,3.0,1,1,51.71145261939294,2.434102768266009,0.8128826297660428,3.7219438903256896
1172,58600,58649,5860.000000003787,5864.900000003787,0.1,1.0,0,0,,1.9789395275455164,0.3563436702321223,1.897110060597011
1173,58650,58699,5865.000000003805,5869.900000003805,0.1,30.0,1,1,4.743869760687124,4.910747121553422,0.6767110832204427,16.738697554420373
1174,58700,58749,5870.000000003824,5874.900000003824,0.1,30.0,1,1,4.675863117799232,3.784473823939689,0.1905500881247514,8.16459764063562
1175,58750,58799,5875.000000003842,5879.900000003841,0.1,1.0,0,0,,1.2177421533382042,0.1872261643101347,0.870677930295622
1176,58800,58849,5880.00000000386,5884.9000000038595,1.5,30.0,1,1,3.1222040090054985,1.931212823132713,0.5510845450454009,2.9224847895384807
1177,58850,58899,5885.000000003878,5889.900000003878,0.1,1.0,0,0,,6.867024871398185,2.1591817972754064,3.866824752968621
1178,58900,58949,5890.000000003896,5894.900000003896,0.1,3.0,1,1,56.89582433995753,2.002303753681691,1.5884526942441233,4.0764441515983325
1179,58950,58999,5895.0000000039145,5899.900000003914,0.1,1.0,0,0,,3.5226054756444585,0.1600568000873879,8.458570257515188
1180,59000,59049,5900.000000003933,5904.900000003932,0.15,1.5,1,1,107.47842527067398,4.41629455470053,0.2649757650959752,13.110668700965512
1181,59050,59099,5905.000000003951,5909.9000000039505,0.1,1.0,0,0,,12.302858761424288,0.4346132050853291,26.65754531357626
1182,59100,59149,5910.000000003969,5914.900000003969,0.1,3.0,1,1,48.794459416333474,6.912798933148398,0.5970856552986367,19.79263610371159
1183,59150,59199,5915.000000003987,5919.900000003987,0.1,30.0,1,1,2.882663230028816,3.424346886924312,0.9984032670863826,2.0552556800034485
1184,59200,59249,5920.000000004005,5924.900000004005,0.1,1.0,0,0,,2.094644590327035,1.3045359133610832,1.655915806699826
1185,59250,59299,5925.000000004024,5929.900000004023,0.1,30.0,1,1,3.245196294077064,3.421507906310504,1.1192331639231887,2.2390756554453524
1186,59300,59349,5930.000000004042,5934.900000004041,0.1,1.0,0,0,,1.213822588651784,0.6639928903706198,2.561884564982829
1187,59350,59399,5935.00000000406,5939.90000000406,0.1,30.0,1,1,3.554391619628548,1.658904357208322,0.200495578600946,1.4513918351849893
1188,59400,59449,5940.000000004078,5944.900000004078,0.1,1.0,0,0,,1.514625664842029,0.2846344536908905,2.444810035787705
1189,59450,59499,5945.000000004096,5949.900000004096,5.0,20.0,1,1,2.351122633254927,2.267097713422573,0.458154283726827,4.106893540270846
1190,59500,59549,5950.000000004115,5954.900000004114,0.1,1.0,0,0,,2.171402150747943,1.1360459086774244,3.796151959045854
1191,59550,59599,5955.000000004133,5959.900000004132,0.7,20.0,1,1,2.123239194215246,2.041493451196169,0.3324386673731221,6.354724014197768
1192,59600,59649,5960.000000004151,5964.900000004151,7.0,30.0,1,1,0.2447877406392636,1.7398665618793356,0.5872062511294205,7.266971033246778
1193,59650,59699,5965.000000004169,5969.900000004169,0.1,1.0,0,0,,2.7259809481140884,1.3558045360629054,2.160241185086984
1194,59700,59749,5970.000000004187,5974.900000004187,0.1,1.0,0,0,,0.2952056072519703,0.0791288951338078,0.63503991090127
1195,59750,59799,5975.0000000042055,5979.900000004205,2.0,30.0,1,1,0.2049650051908016,0.916496760092336,0.3785702441334955,4.2526520136500325
1196,59800,59849,5980.000000004224,5984.900000004223,0.1,1.0,0,0,,2.3760846031204776,1.247145522203568,3.738705141571352
1197,59850,59899,5985.000000004242,5989.9000000042415,0.1,30.0,1,1,0.8461892957864707,0.5247967394147455,0.0722938544198495,2.499566706540624
1198,59900,59949,5990.00000000426,5994.90000000426,0.1,1.0,0,0,,1.1984763853567058,0.9064259647555698,1.5532018830731378
1199,59950,59999,5995.000000004278,5999.900000004278,0.1,3.0,1,1,28.11750949051733,1.1380535420241948,1.004267139470565,2.749716142593828
1200,60000,60049,6000.000000004296,6004.900000004296,0.1,1.0,0,0,,2.156120801161161,0.7991510531337417,1.2259058983890363
1201,60050,60099,6005.000000004315,6009.900000004314,0.15,15.0,1,1,8.045203132479502,1.1712831795081216,0.1851149967667322,2.842661268436172
1202,60100,60149,6010.000000004333,6014.9000000043325,0.15,30.0,1,1,4.263525310122683,1.1008238256926872,0.8238128719868033,1.2947179073813253
1203,60150,60199,6015.000000004351,6019.900000004351,0.1,1.0,0,0,,3.862833100913669,1.7484810302625886,2.594562229079082
1204,60200,60249,6020.000000004369,6024.900000004369,2.0,5.0,1,1,3.398591824066509,3.2997568558819443,0.4734156313421429,4.702679506993963
1205,60250,60299,6025.000000004387,6029.900000004387,0.1,1.0,0,0,,3.2375868597177804,0.4833858485522682,26.110648273303067
1206,60300,60349,6030.000000004406,6034.900000004405,0.1,5.0,1,1,10.39705796403932,1.2571805291167757,0.4139740621962719,1.856194643049831
1207,60350,60399,6035.000000004424,6039.900000004423,0.1,1.0,0,0,,3.7648737909873096,0.2798782080933595,25.414854579602924
1208,60400,60449,6040.000000004442,6044.900000004442,0.1,0.7,1,1,73.40450345704333,3.129780110948782,1.5484163041058152,13.335888473609538
1209,60450,60499,6045.00000000446,6049.90000000446,0.1,1.0,0,0,,1.824932517142832,1.1466115084156698,4.144801423718338
1210,60500,60549,6050.000000004478,6054.900000004478,0.1,30.0,1,1,4.581223162096258,2.2128792364550667,1.2788662372768391,3.4233389491998647
1211,60550,60599,6055.0000000044965,6059.900000004496,0.1,30.0,1,1,5.758388442826148,1.8386425429987303,0.2768322229104382,3.665053351425216
1212,60600,60649,6060.000000004515,6064.900000004514,0.1,1.0,0,0,,2.3478814443418816,0.1845153478765338,5.1464058166
1213,60650,60699,6065.000000004533,6069.900000004533,0.1,30.0,1,1,4.5109482130691765,3.471807522924116,0.7502509507381032,4.662939456161713
1214,60700,60749,6070.000000004551,6074.900000004551,0.1,1.0,0,0,,1.520700578031615,0.8971847144654785,3.4141611116504915
1215,60750,60799,6075.000000004569,6079.900000004569,0.1,30.0,1,1,6.090753887487071,2.037284088196115,0.244601324290698,3.2055602924839013
1216,60800,60849,6080.000000004588,6084.900000004588,0.1,1.0,0,0,,1.4378005590171872,0.5592989681781741,1.717716179323241
1217,60850,60899,6085.000000004606,6089.900000004605,0.1,3.0,1,1,74.60069080468064,2.275019325566797,0.4129466759489438,1.163824838685729
1218,60900,60949,6090.000000004624,6094.9000000046235,0.1,1.0,0,0,,3.289158895594862,0.4151482981487047,5.322761656005055
1219,60950,60999,6095.000000004642,6099.900000004642,1.5,20.0,1,1,9.243573972252124,2.1303373128996577,0.9434621640272924,4.926060951122111
1220,61000,61049,6100.00000000466,6104.90000000466,0.3,30.0,1,1,4.136807492051389,1.5690675493732351,0.4916358132343689,2.55251051411246
1221,61050,61099,6105.000000004678,6109.900000004678,0.1,1.0,0,0,,2.4486406948685677,0.4851548560205328,5.655781554723469
1222,61100,61149,6110.000000004697,6114.900000004696,0.1,30.0,1,1,4.607423575861359,1.998696307630046,0.2582289993380139,1.8111386446911169
1223,61150,61199,6115.000000004715,6119.9000000047145,0.1,1.0,0,0,,2.1691030867987986,0.3837172226226958,5.122080267480859
1224,61200,61249,6120.000000004733,6124.900000004733,0.1,30.0,1,1,5.148957165534324,1.27846684829021,0.2403163055909408,1.2263994883723444
1225,61250,61299,6125.000000004751,6129.900000004751,0.1,1.0,0,0,,2.95609403795836,0.8320731064490914,1.355430146097058
1226,61300,61349,6130.000000004769,6134.900000004769,0.1,3.0,1,1,47.01123559182825,1.7978923789118764,0.80369758807686,4.267129514775935
1227,61350,61399,6135.000000004788,6139.900000004787,0.1,1.0,0,0,,4.947540780337774,0.3783186562030676,13.17328681291319
1228,61400,61449,6140.000000004806,6144.900000004805,0.1,30.0,1,1,5.273437734533466,1.6050025144165254,0.0672565828249423,1.382430873980957
1229,61450,61499,6145.000000004824,6149.900000004824,0.1,30.0,1,1,7.075474661583842,2.6489179843841977,0.3366299863937015,6.157024970845112
1230,61500,61549,6150.000000004842,6154.900000004842,0.1,1.0,0,0,,4.25203892679744,0.9573326879561171,8.743816710553414
1231,61550,61599,6155.00000000486,6159.90000000486,0.1,30.0,1,1,6.07280474827156,2.962134945589541,0.5629202959621066,3.624244097889418
1232,61600,61649,6160.000000004879,6164.900000004879,0.1,1.0,0,0,,8.16115222353805,4.065325735607129,3.675139889242185
1233,61650,61699,6165.000000004897,6169.900000004896,20.0,5.0,1,1,0.1768341016695218,2.780603945024639,0.6026531312403377,7.388842085443339
1234,61700,61749,6170.000000004915,6174.900000004915,0.1,1.0,0,0,,0.1276184641490537,0.0225929786714791,0.6893483305065294
1235,61750,61799,6175.000000004933,6179.900000004933,0.1,1.0,0,0,,0.106549975056938,0.0136021684521805,0.9611378933492662
1236,61800,61849,6180.000000004951,6184.900000004951,0.1,1.0,0,0,,0.1158594783532773,0.0186599078013164,0.9125197702576648
1237,61850,61899,6185.0000000049695,6189.900000004969,0.1,1.0,0,0,,0.1288529225656151,0.0118106333395364,1.113911681752627
1238,61900,61949,6190.000000004988,6194.900000004987,0.1,1.0,0,0,,0.1076688317716345,0.0158091366271917,1.0437455388663417
1239,61950,61999,6195.000000005006,6199.9000000050055,0.1,1.0,0,0,,0.0818487569765493,0.0119315608976884,1.2718471327863023
1240,62000,62049,6200.000000005024,6204.900000005024,0.1,1.0,0,0,,0.1139724886925941,0.1144325616039015,2.8090676282373552
1241,62050,62099,6205.000000005042,6209.900000005042,0.1,1.0,0,0,,0.4218322490218948,0.1108253448177418,1.137422188027489
1242,62100,62149,6210.00000000506,6214.90000000506,0.1,0.3,1,1,30.986627104880707,2.796143081863992,0.7165005059732793,17.420117979848293
1243,62150,62199,6215.000000005079,6219.900000005078,0.1,1.0,0,0,,10.860562972689024,4.553723959166682,25.28358128364271
1244,62200,62249,6220.000000005097,6224.900000005096,0.1,10.0,1,1,18.54394338551541,1.0854889617488714,0.9854511747800524,2.217169253436334
1245,62250,62299,6225.000000005115,6229.900000005115,0.1,1.0,0,0,,2.3044741943417915,0.3012271772671131,3.320525333654842
1246,62300,62349,6230.000000005133,6234.900000005133,0.1,5.0,1,1,49.46713383285192,2.3570877798315326,0.3601854596881974,3.114083955480896
1247,62350,62399,6235.000000005151,6239.900000005151,0.1,1.0,0,0,,2.1855031266454774,0.1228513882032104,2.491250595129288
1248,62400,62449,6240.00000000517,6244.900000005169,0.1,30.0,1,1,8.6190076087704,2.2399731850212805,0.3155944267772073,3.817549345614359
1249,62450,62499,6245.000000005188,6249.900000005187,0.1,30.0,1,1,7.66164276231569,1.3582036806175626,0.3239421801348542,0.4255205558893283
1250,62500,62549,6250.000000005206,6254.900000005206,0.1,1.0,0,0,,2.94509700242962,0.4301337208484339,2.68369808255898
1251,62550,62599,6255.000000005224,6259.900000005224,0.3,30.0,1,1,9.256294961007022,1.658128133674869,0.5004390325255639,1.2804588099909406
1252,62600,62649,6260.000000005242,6264.900000005242,0.1,1.0,0,0,,1.775015121720881,0.2167786501258,2.1592349239797275
1253,62650,62699,6265.0000000052605,6269.90000000526,0.1,15.0,1,1,20.87285444857769,1.8298842689300971,0.3238670461397873,1.3415392267624326
1254,62700,62749,6270.000000005279,6274.900000005278,0.1,1.0,0,0,,2.228338067557837,0.1879825401068579,1.8941058391196568
1255,62750,62799,6275.000000005297,6279.9000000052965,0.1,5.0,1,1,56.403846610417,2.8160457075423886,0.1291132742215104,2.072181363458009
1256,62800,62849,6280.000000005315,6284.900000005315,0.1,1.0,0,0,,3.6437546159041534,0.5222801981392868,4.676422023460285
1257,62850,62899,6285.000000005333,6289.900000005333,0.5,5.0,1,1,40.28621974526042,2.210335832473885,0.8363907932926729,3.4843921534773465
1258,62900,62949,6290.000000005352,6294.900000005352,10.0,30.0,1,1,0.8479973637025127,5.302356376655255,1.6378680552853495,10.616078405737689
1259,62950,62999,6295.00000000537,6299.900000005369,0.1,1.0,0,0,,3.622755437245031,2.093404464003134,6.585676979169624
1260,63000,63049,6300.000000005388,6304.9000000053875,5.0,30.0,1,1,1.4164153453461934,6.72805991114536,0.5670318686100259,22.61946690219364
1261,63050,63099,6305.000000005406,6309.900000005406,0.1,1.0,0,0,,2.357702906556901,1.643654605642532,8.479222979683605
1262,63100,63149,6310.000000005424,6314.900000005424,0.1,5.0,1,1,41.98672792355696,1.666780406652541,1.4029309111690311,3.694141559418772
1263,63150,63199,6315.000000005442,6319.900000005442,0.1,1.0,0,0,,1.7599907664565142,0.1365937789293465,0.8905981092733367
1264,63200,63249,6320.000000005461,6324.90000000546,0.5,30.0,1,1,6.395855697074899,1.352080980431975,0.1420760810802341,1.4231997595278492
1265,63250,63299,6325.000000005479,6329.900000005478,0.1,1.0,0,0,,1.5285263192008351,0.344945871384958,0.7640860815603095
1266,63300,63349,6330.000000005497,6334.900000005497,0.1,30.0,1,1,7.371861734407107,1.7303912030431687,0.4247784736235903,3.1586330082710354
1267,63350,63399,6335.000000005515,6339.900000005515,0.1,30.0,1,1,7.102047178332663,1.0382947851442896,0.3461573511104743,1.0741765076915812
1268,63400,63449,6340.0000000055325,6344.900000005532,0.1,1.0,0,0,,1.4521718373958237,0.636523105986274,5.14511589730942
1269,63450,63499,6345.000000005551,6349.90000000555,0.1,10.0,1,1,13.542770988288538,7.370188255632808,0.5464301863101931,19.900948080531982
1270,63500,63549,6350.000000005569,6354.9000000055685,0.1,1.0,0,0,,2.451752151163627,1.3570727940496523,6.623286483355457
1271,63550,63599,6355.000000005587,6359.900000005587,0.1,7.0,1,1,30.734766617164947,4.191821958927724,0.961800098306734,18.385655047622045
1272,63600,63649,6360.000000005605,6364.900000005605,0.1,1.0,0,0,,12.403055445946238,1.9282417665756464,30.88701559067583
1273,63650,63699,6365.000000005623,6369.900000005623,0.1,3.0,1,1,41.44290841095052,1.2744357595013145,0.6424023994864484,2.340016539096133
1274,63700,63749,6370.000000005642,6374.900000005641,0.1,1.0,0,0,,6.382509091404631,2.8149315664163037,12.196624218743327
1275,63750,63799,6375.00000000566,6379.900000005659,0.1,3.0,1,1,81.06354131523025,2.5935762307426025,0.6313930659754946,5.680935654554364
1276,63800,63849,6380.000000005678,6384.900000005678,0.1,30.0,1,1,6.02168728851793,6.061145521677297,0.6479815092021561,17.083233199028175
1277,63850,63899,6385.000000005696,6389.900000005696,0.1,1.0,0,0,,3.773488439954521,0.7534566380060719,4.973205315980549
1278,63900,63949,6390.000000005714,6394.900000005714,0.1,20.0,1,1,10.698684195718258,2.8073378172086736,0.6001250132017555,7.875371904373183
1279,63950,63999,6395.0000000057325,6399.900000005732,0.1,1.0,0,0,,2.3427179707415564,0.1239335687986702,3.109349161883153
1280,64000,64049,6400.000000005751,6404.90000000575,0.1,30.0,1,1,5.473663358361195,1.3931663103168026,0.0921630785615968,0.4299558206690203
1281,64050,64099,6405.000000005769,6409.900000005769,0.1,1.0,0,0,,1.990945799236441,0.0755055930832498,2.959695482878701
1282,64100,64149,6410.000000005787,6414.900000005787,0.1,20.0,1,1,7.751569795700447,2.067767128625124,0.6240974080517526,3.597824440564468
1283,64150,64199,6415.000000005805,6419.900000005805,0.1,1.0,0,0,,1.4108600090099663,0.3104185009520837,1.3936882342690768
1284,64200,64249,6420.000000005824,6424.900000005824,1.0,30.0,1,1,5.021202858451131,1.5693665222944562,0.1284330169342229,2.142628987069278
1285,64250,64299,6425.000000005842,6429.900000005841,0.1,30.0,1,1,4.089021053546664,1.878696113490245,0.1569152084596176,1.2164101718897613
1286,64300,64349,6430.00000000586,6434.9000000058595,0.1,1.0,0,0,,1.3728787131654965,0.1386533518786432,0.7596706072707365
1287,64350,64399,6435.000000005878,6439.900000005878,5.0,30.0,1,1,1.7457525341492306,3.330584297255807,0.716109040547213,1.6725338534704886
1288,64400,64449,6440.000000005896,6444.900000005896,0.1,1.0,0,0,,5.760168057081415,2.3630508087775315,23.750028352758637
1289,64450,64499,6445.000000005914,6449.900000005914,0.1,0.3,1,1,39.80518007488415,1.9790137826107597,1.2389157717281,23.265096794861925
1290,64500,64549,6450.000000005933,6454.900000005932,0.1,1.0,0,0,,0.4456687806906892,0.4219122156809105,1.326652318438677
1291,64550,64599,6455.000000005951,6459.9000000059505,0.1,0.7,1,1,31.13925065537677,1.7636098786815402,1.8036804530496,0.5759174576284188
1292,64600,64649,6460.000000005969,6464.900000005969,0.1,1.0,0,0,,1.4942979867572732,1.1129866959296308,1.9803692313305608
1293,64650,64699,6465.000000005987,6469.900000005987,0.1,30.0,1,1,3.9496604505927566,1.8544101556394292,1.2666558065566536,1.3988069714133229
1294,64700,64749,6470.000000006005,6474.900000006005,0.2,30.0,1,1,4.680394517548625,1.4890661442573594,0.3966416890070617,1.7178867917220046
1295,64750,64799,6475.000000006024,6479.900000006023,0.1,1.0,0,0,,1.676807404208436,0.3552539299996372,1.8565982599133333
1296,64800,64849,6480.000000006042,6484.900000006041,0.1,15.0,1,1,7.837329988209843,1.1892881546528224,0.412127155067558,3.366812061514895
1297,64850,64899,6485.00000000606,6489.90000000606,0.1,1.0,0,0,,4.5227379247609925,0.1828312094294551,11.512021729311453
1298,64900,64949,6490.000000006078,6494.900000006078,0.1,30.0,1,1,4.348089010146065,1.3013366848612224,0.2794718075881127,1.1680297452464403
1299,64950,64999,6495.000000006096,6499.900000006096,0.1,1.0,0,0,,1.9559197185876516,0.3509546138655986,0.6315147121820979
1300,65000,65049,6500.0000000061145,6504.900000006114,10.0,30.0,1,1,1.8029089824969715,1.5285297520880028,0.7533953069046229,2.6380493752456093
1301,65050,65099,6505.000000006133,6509.900000006132,0.1,1.0,0,0,,5.2860000190869405,2.6564511718642807,3.1525823378336897
1302,65100,65149,6510.000000006151,6514.900000006151,30.0,20.0,1,1,0.0029602401081331,0.1452205609627778,0.046895737477079,0.6084961428454706
1303,65150,65199,6515.000000006169,6519.900000006169,0.1,1.0,0,0,,0.0938911304672317,0.0222096189228803,0.7786128632182886
1304,65200,65249,6520.000000006187,6524.900000006187,0.1,1.0,0,0,,0.1633558518272117,0.0801552314631922,2.9690082992345337
1305,65250,65299,6525.0000000062055,6529.900000006205,30.0,5.0,1,1,0.8287387019823267,3.09032062381788,2.5249524828987853,8.465748708975381
1306,65300,65349,6530.000000006224,6534.900000006223,0.5,30.0,1,1,2.992587124580941,2.389218471526172,1.258552969149251,7.406515122752133
1307,65350,65399,6535.000000006242,6539.9000000062415,0.1,1.0,0,0,,2.0551166443449893,0.1730636102820411,3.290616747698893
1308,65400,65449,6540.00000000626,6544.90000000626,0.1,20.0,1,1,4.965495795407136,1.130952555751042,0.2743740668558468,2.626560412092932
1309,65450,65499,6545.000000006278,6549.900000006278,0.1,1.0,0,0,,1.4604991313468134,0.0997871702366649,2.6043285627695174
1310,65500,65549,6550.000000006296,6554.900000006296,3.0,30.0,1,1,2.806094987314073,2.4560703426844595,0.1186960913095722,0.5335591305065523
1311,65550,65599,6555.000000006315,6559.900000006314,0.1,1.0,0,0,,1.3663316190209218,0.90568752862821,1.3873193777381865
1312,65600,65649,6560.000000006333,6564.900000006332,0.1,30.0,1,1,4.187117123406503,1.1873650025460356,0.1958489283375719,0.9270410777020712
1313,65650,65699,6565.000000006351,6569.900000006351,0.1,1.0,0,0,,4.060131467574368,0.0866847582237689,12.918357766650592
1314,65700,65749,6570.000000006369,6574.900000006369,0.1,30.0,1,1,4.758590250860263,0.8420397748373176,0.4905132162384633,0.7978545268657764
1315,65750,65799,6575.000000006387,6579.900000006387,5.0,30.0,1,1,1.4053113986434431,3.9638370567038335,1.299208598744739,6.082177690130802
1316,65800,65849,6580.000000006406,6584.900000006405,0.1,1.0,0,0,,5.902857442060415,2.723272195602908,8.155631544886468
1317,65850,65899,6585.000000006424,6589.900000006423,15.0,30.0,1,1,0.060456541424434,1.4299814750362183,0.7089961835378398,9.708849027611912
1318,65900,65949,6590.000000006442,6594.900000006442,0.1,1.0,0,0,,0.2886724448701972,0.0307789423717263,0.8687749961905002
1319,65950,65999,6595.00000000646,6599.90000000646,0.1,1.0,0,0,,0.0351514014731928,0.0167571057385474,1.2656713775052588
1320,66000,66049,6600.000000006478,6604.900000006478,0.1,1.0,0,0,,0.0934122279865535,0.0886080034304059,2.9451494668053293
1321,66050,66099,6605.0000000064965,6609.900000006496,30.0,15.0,1,1,1.0097687038779173,4.298440667043084,2.825584569320372,30.79691658696117
1322,66100,66149,6610.000000006515,6614.900000006514,0.1,10.0,1,1,34.54490427237791,18.22943313068372,1.4637637295411237,60.14953432717616
1323,66150,66199,6615.000000006533,6619.9000000065325,0.1,1.0,0,0,,8.761114643979987,0.2305947993083608,24.0306700953283
1324,66200,66249,6620.000000006551,6624.900000006551,0.5,30.0,1,1,4.206946406114318,3.22537680062751,0.4194454907053069,9.2937380990569
1325,66250,66299,6625.000000006569,6629.900000006569,0.1,1.0,0,0,,7.175709387786778,1.3074989403539763,29.500830538689836
1326,66300,66349,6630.000000006588,6634.900000006588,0.1,7.0,1,1,12.461808099005692,1.9242628157041357,0.6353269594118253,5.0250009271178575
1327,66350,66399,6635.000000006606,6639.900000006605,0.1,1.0,0,0,,2.587063716437492,0.2053700257304132,7.0390223069068645
1328,66400,66449,6640.000000006624,6644.9000000066235,0.1,10.0,1,1,9.520138467427412,0.9828527055949324,0.5264981218265361,1.7484853948577117
1329,66450,66499,6645.000000006642,6649.900000006642,0.1,1.0,0,0,,2.213832195516776,0.6284054405788916,0.926347017604538
1330,66500,66549,6650.00000000666,6654.90000000666,0.1,30.0,1,1,3.2971423688356976,1.730440571111439,0.8596329544117244,5.30975343145358
1331,66550,66599,6655.000000006678,6659.900000006678,3.0,20.0,1,1,1.850672909283587,6.033163402766621,0.8279546070657825,18.997155714376238
1332,66600,66649,6660.000000006697,6664.900000006696,0.1,1.0,0,0,,6.268656558745872,0.8793268900545144,37.62196249363871
1333,66650,66699,6665.000000006715,6669.900000006714,0.1,2.0,1,1,22.31663684685873,3.481329583578406,1.1434935404653657,10.746090441723034
1334,66700,66749,6670.000000006733,6674.900000006733,0.1,1.0,0,0,,0.7526341804989984,0.6197473139172501,1.5339667773947616
1335,66750,66799,6675.000000006751,6679.900000006751,10.0,30.0,1,1,1.219684489029706,3.782268709521558,0.364437396051734,8.685915243978696
1336,66800,66849,6680.000000006769,6684.900000006769,0.1,1.0,0,0,,2.381034590183813,1.2981377343916,2.076225811304447
1337,66850,66899,6685.000000006788,6689.900000006787,0.1,30.0,1,1,2.656802663200715,1.4230942944693574,0.6631983373928751,3.5932683026071843
1338,66900,66949,6690.000000006806,6694.900000006805,0.1,1.0,0,0,,1.550774115570581,0.1671394873950185,1.3913064458322213
1339,66950,66999,6695.000000006824,6699.900000006824,3.0,20.0,1,1,3.268751963636434,0.8583657170759763,0.2457754395677787,2.217074724845231
1340,67000,67049,6700.000000006842,6704.900000006842,0.1,10.0,1,1,8.398127220073684,2.5524500231258997,1.0254609632003169,6.806505078567064
1341,67050,67099,6705.00000000686,6709.90000000686,0.1,1.0,0,0,,3.873042530293872,1.711445479669378,1.8440096268298476
1342,67100,67149,6710.000000006879,6714.900000006879,1.0,30.0,1,1,1.797886914871618,1.7055411652965269,1.1126814907053963,10.238130548288892
1343,67150,67199,6715.000000006897,6719.900000006896,0.1,1.0,0,0,,2.1624808833179725,0.997827475469705,22.80759508728709
1344,67200,67249,6720.000000006915,6724.9000000069145,0.1,30.0,1,1,0.8470740720627398,1.208853313156459,0.1526967847872395,0.590793721553927
1345,67250,67299,6725.000000006933,6729.900000006933,0.1,1.0,0,0,,1.281442073871397,0.0785123890837962,1.0661433528980246
1346,67300,67349,6730.000000006951,6734.900000006951,0.1,0.2,1,1,135.08688993091968,2.4746294739500967,0.3700430590209684,27.60718343288837
1347,67350,67399,6735.0000000069695,6739.900000006969,0.1,1.0,0,0,,6.831588837965884,2.956805328856733,14.710620215425216
1348,67400,67449,6740.000000006988,6744.900000006987,0.15,30.0,1,1,4.614702774060931,0.810406394022813,0.2219413978602493,1.5598543863223957
1349,67450,67499,6745.000000007006,6749.9000000070055,0.1,1.0,0,0,,0.746061622340872,0.1795711849486602,1.590095689576867
1350,67500,67549,6750.000000007024,6754.900000007024,0.1,7.0,1,1,19.71369452399408,1.0368773264780935,0.3979682591133154,2.981079944905026
1351,67550,67599,6755.000000007042,6759.900000007042,0.1,1.0,0,0,,6.643254885622684,0.7905725954686308,26.83943681687137
1352,67600,67649,6760.00000000706,6764.90000000706,5.0,30.0,1,1,1.3879327283353906,2.555616444524249,0.958608459898432,10.876412662749372
1353,67650,67699,6765.000000007079,6769.900000007078,0.1,1.0,0,0,,5.162525385313836,1.8955767441958664,3.695872182009274
1354,67700,67749,6770.000000007097,6774.900000007096,3.0,20.0,1,1,0.1963090691185067,1.5088667959871278,0.5379482620489181,8.381684060930814
1355,67750,67799,6775.000000007115,6779.900000007115,0.1,1.0,0,0,,4.500117790478316,2.290319923598102,21.533415530834496
1356,67800,67849,6780.000000007133,6784.900000007133,0.1,5.0,1,1,33.76022405763414,4.7325455441995645,1.343728745671957,19.22292713364256
1357,67850,67899,6785.000000007151,6789.900000007151,0.1,1.0,0,0,,8.245969780873954,0.4799502635332118,21.783372376180544
1358,67900,67949,6790.00000000717,6794.900000007169,0.5,5.0,1,1,27.76832435991542,1.9689528999683608,0.3269555612899852,4.254773790024027
1359,67950,67999,6795.000000007188,6799.900000007187,0.1,1.0,0,0,,3.4523992526854754,1.2889011025279369,3.607758910036957
1360,68000,68049,6800.000000007206,6804.900000007206,1.0,5.0,1,1,10.18764043976696,0.6075871221945672,0.3291536045149122,2.0418556960016967
1361,68050,68099,6805.000000007224,6809.900000007224,0.5,30.0,1,1,5.308443463312154,2.202248164590958,1.42390512340003,3.0664634320460853
1362,68100,68149,6810.000000007242,6814.900000007242,0.1,1.0,0,0,,2.9296732266738585,1.7802697963267986,1.2837460339883622
1363,68150,68199,6815.0000000072605,6819.90000000726,0.5,30.0,1,1,4.863706718099769,3.804491494429493,0.6845453564745486,6.297566860340237
1364,68200,68249,6820.000000007279,6824.900000007278,0.1,1.0,0,0,,6.701877310479546,1.945845885171575,15.93420237042936
1365,68250,68299,6825.000000007297,6829.9000000072965,30.0,20.0,1,1,0.1347016313951067,2.2324743665770344,1.150332144567793,5.063054947430648
1366,68300,68349,6830.000000007315,6834.900000007315,0.1,1.0,0,0,,0.5058060978068873,0.2428739660337383,0.3896588847788205
1367,68350,68399,6835.000000007333,6839.900000007333,7.0,20.0,1,1,0.346153553579929,2.116300349554336,1.1914861208503753,13.69684701778157
1368,68400,68449,6840.000000007351,6844.900000007351,0.1,1.0,0,0,,2.0977300963038497,0.2771006343007802,11.290382322382152
1369,68450,68499,6845.00000000737,6849.900000007369,0.1,30.0,1,1,1.8361746824715064,3.129083640704211,1.0097836138164724,11.75769376994466
1370,68500,68549,6850.000000007388,6854.9000000073875,0.5,30.0,1,1,3.2347995673149645,1.2590496620026983,0.7538947038981,2.0560249882896806
1371,68550,68599,6855.000000007406,6859.900000007406,0.1,1.0,0,0,,1.925253423839204,0.2775234098640926,4.993843496957606
1372,68600,68649,6860.000000007424,6864.900000007424,0.1,20.0,1,1,6.901074689617315,1.7637484276154007,0.3866875347168992,4.05249679834399
1373,68650,68699,6865.000000007442,6869.900000007442,0.1,1.0,0,0,,5.527814283586493,2.899762810088536,2.1504373355663877
1374,68700,68749,6870.000000007461,6874.90000000746,10.0,30.0,1,1,0.1693796240110243,2.5093629851114683,0.8733955738373723,3.826693912516011
1375,68750,68799,6875.000000007479,6879.900000007478,0.1,1.0,0,0,,1.8469667523731197,0.881280262384381,18.29890627581283
1376,68800,68849,6880.000000007497,6884.900000007497,0.1,0.5,1,1,17.599976533686753,1.3833022223834248,1.1814767910089583,7.094533362295579
1377,68850,68899,6885.000000007515,6889.900000007515,0.1,1.0,0,0,,3.4914407744637974,1.0218191010368616,17.30849117413994
1378,68900,68949,6890.000000007533,6894.900000007533,30.0,1.5,1,1,0.1200189366707203,1.6417938143349142,1.075854390981049,15.00386041309958
1379,68950,68999,6895.000000007552,6899.900000007552,2.0,30.0,1,1,10.181010091288206,12.620257905823136,5.832188103499469,43.621883240645545
1380,69000,69049,6900.00000000757,6904.900000007569,0.1,1.0,0,0,,2.1729913158077303,0.2153500353831152,1.5161544307161676
1381,69050,69099,6905.000000007588,6909.900000007588,0.1,30.0,1,1,8.580382461096562,1.7073082134151014,0.2396714095398838,2.09893278445015
1382,69100,69149,6910.000000007606,6914.900000007606,0.1,1.0,0,0,,1.860421820288926,0.1656334294597742,0.8252796596078652
1383,69150,69199,6915.000000007624,6919.900000007624,0.1,15.0,1,1,20.580575100769565,1.2998201732364776,0.7625961496714336,1.3522252808796684
1384,69200,69249,6920.0000000076425,6924.900000007642,0.1,1.0,0,0,,2.5246596893072346,0.3959913671695103,3.693423284229087
1385,69250,69299,6925.000000007661,6929.90000000766,0.1,10.0,1,1,37.79502806218845,2.3806507865362376,0.4311945997502374,2.658707272731242
1386,69300,69349,6930.000000007679,6934.9000000076785,0.1,1.0,0,0,,1.8567212604842271,0.0922079722461212,1.085027068718322
1387,69350,69399,6935.000000007697,6939.900000007697,0.3,30.0,1,1,13.1275437515049,2.236995633980288,0.1327081469715498,1.3224116954571905
1388,69400,69449,6940.000000007715,6944.900000007715,0.1,30.0,1,1,14.701562611334998,1.9560717066028088,0.3677552426559227,0.8071136752537442
1389,69450,69499,6945.000000007733,6949.900000007733,0.1,1.0,0,0,,2.105249164518782,0.0956854489614656,1.3269609368453787
1390,69500,69549,6950.000000007752,6954.900000007751,0.1,30.0,1,1,15.241279240551506,2.6918733507700305,0.3033520981525662,1.2592438402793158
1391,69550,69599,6955.00000000777,6959.900000007769,0.1,1.0,0,0,,3.0680622809164784,0.558623684360659,0.5273530025990024
1392,69600,69649,6960.000000007788,6964.900000007788,0.1,30.0,1,1,13.035443830631309,3.091569218294295,0.5163952116131219,1.0474272335525427
1393,69650,69699,6965.000000007806,6969.900000007806,0.1,1.0,0,0,,2.6160637977213743,0.472956430013902,0.6713505221299445
1394,69700,69749,6970.000000007824,6974.900000007824,0.7,30.0,1,1,11.581457313523485,2.187787318557923,0.1168270477406265,1.4376086855039076
1395,69750,69799,6975.000000007843,6979.900000007842,0.1,1.0,0,0,,3.147342459839864,0.5202735288249563,2.9530792366470098
1396,69800,69849,6980.000000007861,6984.90000000786,1.0,30.0,1,1,10.339714353999916,1.7970738558581083,0.3697040705711559,2.196872124634252
1397,69850,69899,6985.000000007879,6989.900000007879,5.0,20.0,1,1,4.444627669771474,3.4557719440523966,1.036129768513579,1.5337992232476128
1398,69900,69949,6990.000000007897,6994.900000007897,0.1,1.0,0,0,,6.512181960951864,1.7707074332629045,17.465552187378854
1399,69950,69999,6995.000000007915,6999.900000007915,0.1,15.0,1,1,10.615216720999555,2.139523960396852,0.7149832762081093,13.195048916945872
1400,70000,70049,7000.0000000079335,7004.900000007933,0.1,1.0,0,0,,5.58800240885795,1.2351866866314043,8.581803878185898
1401,70050,70099,7005.000000007952,7009.900000007951,0.1,15.0,1,1,18.70346082727145,1.1683933746067845,1.060842584587968,2.59519388979414
1402,70100,70149,7010.00000000797,7014.9000000079695,0.1,1.0,0,0,,2.696863763694359,0.5687650900445597,1.7693058718444143
1403,70150,70199,7015.000000007988,7019.900000007988,0.2,15.0,1,1,18.655014501369465,1.857371983580886,0.0678260333222472,1.3713507927349078
1404,70200,70249,7020.000000008006,7024.900000008006,0.1,1.0,0,0,,1.0046550459764356,0.4981419544778585,0.850010024430389
1405,70250,70299,7025.0000000080245,7029.900000008024,1.0,30.0,1,1,9.73418498153534,2.659027927848612,0.1012752196264058,3.501492667756452
1406,70300,70349,7030.000000008043,7034.900000008042,0.1,30.0,1,1,8.74357498711557,1.743945147032517,0.1535427474046217,0.9312536850072084
1407,70350,70399,7035.000000008061,7039.9000000080605,0.1,1.0,0,0,,2.917292851365133,0.7802291346752713,0.6440879564943467
1408,70400,70449,7040.000000008079,7044.900000008079,0.1,30.0,1,1,6.205428676376223,3.512343455819784,0.9164160678713508,2.660641059328096
1409,70450,70499,7045.000000008097,7049.900000008097,0.1,1.0,0,0,,1.6046032268127195,0.3198934110721411,3.333158455077402
1410,70500,70549,7050.000000008115,7054.900000008115,5.0,20.0,1,1,4.054652213532689,3.1728209140979997,0.8574145796881748,1.6376884326644632
1411,70550,70599,7055.000000008134,7059.900000008133,0.1,1.0,0,0,,7.063841229753044,3.5082184583629616,4.714265131905282
1412,70600,70649,7060.000000008152,7064.900000008151,30.0,5.0,1,1,0.0249805787203184,1.286006836244064,0.2066837857609006,3.6131116436607216
1413,70650,70699,7065.00000000817,7069.90000000817,0.1,1.0,0,0,,0.1947312546208938,0.0651272713988266,0.7355385016969583
1414,70700,70749,7070.000000008188,7074.900000008188,0.1,1.0,0,0,,0.18097770212058,0.0336884179469116,0.5881429837897811
1415,70750,70799,7075.000000008206,7079.900000008206,0.1,1.0,0,0,,0.0927411737679066,0.0114937193518025,1.0698804295125797
1416,70800,70849,7080.000000008225,7084.900000008224,0.1,1.0,0,0,,0.0767750926623099,0.0123041532776146,1.3937784129192794
1417,70850,70899,7085.000000008243,7089.900000008242,0.1,1.0,0,0,,0.0525301071940906,0.017465157751412,1.17612043780278
1418,70900,70949,7090.000000008261,7094.900000008261,0.1,1.0,0,0,,0.0120319138700757,0.0176722551747324,1.273473576888504
1419,70950,70999,7095.000000008279,7099.900000008279,0.1,1.0,0,0,,0.1835911104048399,0.1684614171636075,1.6163763972384713
1420,71000,71049,7100.000000008297,7104.900000008297,0.1,0.3,1,1,40.63227007253073,2.593569907895563,2.163963822212307,9.94218268441331
1421,71050,71099,7105.000000008316,7109.900000008316,1.0,30.0,1,1,2.373481113059246,2.7224287349123237,1.1446070825174643,7.519421005100066
1422,71100,71149,7110.000000008334,7114.900000008333,0.1,1.0,0,0,,8.331406567937382,0.1232141621717487,32.563265055820715
1423,71150,71199,7115.000000008352,7119.9000000083515,1.5,30.0,1,1,4.845551257912013,3.000074323874035,1.391030212868405,3.8958022075013328
1424,71200,71249,7120.00000000837,7124.90000000837,0.1,1.0,0,0,,6.215198045196996,1.6695666233968098,13.52949379332086
1425,71250,71299,7125.000000008388,7129.900000008388,0.1,30.0,1,1,8.628235280370337,1.559573023298858,0.2289359857987525,0.847071785882333
1426,71300,71349,7130.000000008407,7134.900000008407,0.1,1.0,0,0,,2.696565622390964,0.657229239490198,0.3184743593619017
1427,71350,71399,7135.000000008425,7139.900000008424,5.0,30.0,1,1,4.76319912029013,1.5249600119581752,0.5475575773663567,1.4765516455173466
1428,71400,71449,7140.000000008443,7144.9000000084425,0.1,1.0,0,0,,3.198091829102598,1.1470582798209148,1.716396484842274
1429,71450,71499,7145.000000008461,7149.900000008461,5.0,20.0,1,1,2.377788681462801,0.4000168481112275,0.4211257027723376,0.9515129069199608
1430,71500,71549,7150.000000008479,7154.900000008479,15.0,20.0,1,1,0.1062088714122719,2.26424700909886,1.201017940726937,0.7006044693106144
1431,71550,71599,7155.000000008497,7159.900000008497,0.1,1.0,0,0,,0.1799864009057028,0.1215504397934361,1.0965831610781294
1432,71600,71649,7160.000000008516,7164.900000008515,1.0,10.0,1,1,0.5121723001183126,0.7469665521220128,0.6788823718847494,1.041246347582321
1433,71650,71699,7165.000000008534,7169.900000008533,0.1,1.0,0,0,,0.445875986269255,0.158613760734163,2.2251877266849727
1434,71700,71749,7170.000000008552,7174.900000008552,5.0,30.0,1,1,0.6681458686257908,0.8422698463759903,1.0261138892457635,0.5281644656984387
1435,71750,71799,7175.00000000857,7179.90000000857,0.1,1.0,0,0,,0.3510323795043524,0.2739937102034414,1.3830094817974647
1436,71800,71849,7180.000000008588,7184.900000008588,3.0,20.0,1,1,0.654481190488067,0.5537215869030654,0.1352742996094566,1.825534078919828
1437,71850,71899,7185.000000008607,7189.900000008606,0.1,1.0,0,0,,0.2544025781303802,0.1455433811530867,0.4373481291606048
1438,71900,71949,7190.000000008625,7194.900000008624,0.1,0.3,1,1,14.191874674204014,0.3258388228244785,0.4327007774218481,1.0044677059881837
1439,71950,71999,7195.000000008643,7199.900000008643,0.1,1.0,0,0,,0.9165933004912908,0.3868468204256848,1.2212120926010344
1440,72000,72049,7200.000000008661,7204.900000008661,0.1,1.0,0,0,,0.6183554148535739,0.2275090433490811,6.234881404354025
1441,72050,72099,7205.000000008679,7209.900000008679,0.1,1.0,0,0,,0.0556086237596092,0.0128127739199748,1.2140190527120347
1442,72100,72149,7210.0000000086975,7214.900000008697,0.1,1.0,0,0,,0.0944997042123826,0.0170220038315126,1.2426066344278808
1443,72150,72199,7215.000000008716,7219.900000008715,0.7,30.0,1,1,0.0366252288341371,0.4604137094502202,0.6706803425949909,2.104915372908628
1444,72200,72249,7220.000000008734,7224.9000000087335,0.1,1.0,0,0,,1.2647958436490367,0.9809286029910844,0.6349195745862972
1445,72250,72299,7225.000000008752,7229.900000008752,0.1,30.0,1,1,1.5309323179787304,1.464113729240615,0.8231728670159185,0.5813582283544649
1446,72300,72349,7230.00000000877,7234.90000000877,0.1,30.0,1,1,1.2301837473994297,0.9540381830348932,0.1077429336759322,0.4018668232941107
1447,72350,72399,7235.000000008788,7239.900000008788,0.1,1.0,0,0,,0.5730968501097486,0.06066675837864,0.7554936544875637
1448,72400,72449,7240.000000008807,7244.900000008806,7.0,30.0,1,1,0.39641667948889,2.077557227384046,0.4690029812297816,1.4701991605445548
1449,72450,72499,7245.000000008825,7249.9000000088245,0.1,1.0,0,0,,2.2628312466642644,1.207780552406056,1.5483314802136237
1450,72500,72549,7250.000000008843,7254.900000008843,0.1,1.0,0,0,,0.555209984851107,0.2154645423375549,0.8228552543379357
1451,72550,72599,7255.000000008861,7259.900000008861,0.15,30.0,1,1,0.09540592004592,0.2675444021338423,0.0992606725731029,1.6583005749399873
1452,72600,72649,7260.000000008879,7264.900000008879,0.1,1.0,0,0,,4.191404520019525,2.493029709641837,2.482680752048649
1453,72650,72699,7265.000000008898,7269.900000008897,0.1,10.0,1,1,4.519334514088513,0.7942275653667064,0.4606512662034795,1.2988009243063328
1454,72700,72749,7270.000000008916,7274.900000008915,0.1,1.0,0,0,,3.8009592074565233,2.15825649477244,1.2113090475487047
1455,72750,72799,7275.000000008934,7279.900000008934,15.0,20.0,1,1,0.0025818857508057,0.4150731154612429,0.180094267312984,2.086141404775684
1456,72800,72849,7280.000000008952,7284.900000008952,0.1,1.0,0,0,,0.2281749252508519,0.0600950418697892,0.7304228837174732
1457,72850,72899,7285.00000000897,7289.90000000897,0.1,1.0,0,0,,1.460065037099561,0.719355445559024,3.283312562703764
1458,72900,72949,7290.0000000089885,7294.900000008988,0.1,1.0,0,0,,0.6400564345088007,0.5558663186693199,2.157012652559606
1459,72950,72999,7295.000000009007,7299.900000009006,20.0,15.0,1,1,0.061974168059687,1.11434097250616,1.1283301797199692,2.1832814050262908
1460,73000,73049,7300.000000009025,7304.900000009025,0.1,1.0,0,0,,1.4176564981691728,0.3840863133515595,10.470656581965796
1461,73050,73099,7305.000000009043,7309.900000009043,0.1,3.0,1,1,5.706519505481536,1.7781316305226411,1.2003761244681308,8.50011974864261
1462,73100,73149,7310.000000009061,7314.900000009061,0.1,15.0,1,1,8.425296826256808,5.507792941623716,0.6855455454627551,23.391515443926615
1463,73150,73199,7315.000000009079,7319.900000009078,0.1,1.0,0,0,,5.478676276139262,1.1865514336556775,9.030404088513306
1464,73200,73249,7320.000000009098,7324.900000009097,0.3,30.0,1,1,7.660562359049469,3.185420256452862,1.1202960457574629,10.971967913622745
1465,73250,73299,7325.000000009116,7329.9000000091155,0.1,1.0,0,0,,3.683350612304659,0.4295985367673207,7.939749095006248
1466,73300,73349,7330.000000009134,7334.900000009134,0.1,7.0,1,1,41.32391845010914,3.234427884723068,0.4622722747625804,3.744449455292599
1467,73350,73399,7335.000000009152,7339.900000009152,0.1,1.0,0,0,,6.822387274872362,0.1690680195070813,11.862334329704447
1468,73400,73449,7340.00000000917,7344.90000000917,0.15,5.0,1,1,62.59041180809295,2.40888114911388,0.3254537956328643,2.757587503228767
1469,73450,73499,7345.000000009189,7349.900000009188,0.1,1.0,0,0,,5.838976271602048,2.3439575462504543,2.180529378573676
1470,73500,73549,7350.000000009207,7354.900000009206,0.3,0.5,1,1,101.93478156382852,1.996118048464394,1.05707826372166,12.188552385307972
1471,73550,73599,7355.000000009225,7359.900000009225,0.15,20.0,1,1,5.5983871165264105,2.8706764752551184,0.5931021424942428,20.945149062837658
1472,73600,73649,7360.000000009243,7364.900000009243,0.1,1.0,0,0,,10.347207230101487,2.653583033140904,28.76672809214292
1473,73650,73699,7365.000000009261,7369.900000009261,0.7,20.0,1,1,20.27185192923726,2.598738135295057,2.478924930834961,0.9491086121158528
1474,73700,73749,7370.00000000928,7374.900000009279,0.1,1.0,0,0,,3.965493853486183,0.7995125960115391,5.772167596182367
1475,73750,73799,7375.000000009298,7379.900000009297,0.1,20.0,1,1,23.15424521881319,2.382011890575608,0.3124972196112879,1.8662891748177703
1476,73800,73849,7380.000000009316,7384.900000009316,0.1,1.0,0,0,,2.7727642858156645,0.52672596525678,0.7388499627821483
1477,73850,73899,7385.000000009334,7389.900000009334,5.0,30.0,1,1,7.770814807163771,4.238410078013026,1.05891274599232,2.843251042060311
1478,73900,73949,7390.000000009352,7394.900000009352,0.1,1.0,0,0,,8.883149854118217,4.237423199069095,3.6310136487419618
1479,73950,73999,7395.00000000937,7399.900000009369,2.0,0.3,1,1,3.05978923807158,0.7568347718820122,0.7065936289158578,0.981939398132075
1480,74000,74049,7400.000000009389,7404.900000009388,0.1,1.0,0,0,,0.1777366425390115,0.088209038800388,0.3645120837031052
1481,74050,74099,7405.000000009407,7409.9000000094065,0.1,1.0,0,0,,0.0967585327071171,0.025278528415133,0.6993328012981617
1482,74100,74149,7410.000000009425,7414.900000009425,0.1,1.0,0,0,,0.0936525610697647,0.0121344492170286,1.1062129721711724
1483,74150,74199,7415.000000009443,7419.900000009443,0.1,1.0,0,0,,0.0913076858471069,0.0469679508587515,0.9803262732783796
1484,74200,74249,7420.000000009461,7424.90000000946,15.0,30.0,1,1,0.1048216828067251,1.3206792089199653,1.193089901391414,1.6422457941762931
1485,74250,74299,7425.00000000948,7429.900000009479,0.1,1.0,0,0,,5.33335781354796,3.228152926145329,2.146037903941892
1486,74300,74349,7430.000000009498,7434.9000000094975,0.1,30.0,1,1,5.657265310376437,2.914403984125391,2.117555816771151,1.623652726806061
1487,74350,74399,7435.000000009516,7439.900000009516,0.3,30.0,1,1,11.433569825283056,2.0424864222031323,1.187054913712439,1.8724945106720945
1488,74400,74449,7440.000000009534,7444.900000009534,0.1,1.0,0,0,,4.048152932032876,0.1048700219012585,6.199322458987964
1489,74450,74499,7445.000000009552,7449.900000009552,0.1,30.0,1,1,8.422110159874322,3.906811007435108,0.8065949603462264,2.799578449643027
1490,74500,74549,7450.000000009571,7454.90000000957,0.1,1.0,0,0,,3.449362442697941,1.0063067183663044,2.5008611603384305
1491,74550,74599,7455.000000009589,7459.900000009588,7.0,30.0,1,1,2.8999527162310272,4.306382717448827,0.879422760035383,4.761741813439231
1492,74600,74649,7460.000000009607,7464.900000009607,0.1,1.0,0,0,,4.631991708824918,2.649157186873333,1.6864592438793875
1493,74650,74699,7465.000000009625,7469.900000009625,30.0,15.0,1,1,0.0410515272511916,1.817755389566595,0.8754051019690546,2.498373642479539
1494,74700,74749,7470.000000009643,7474.900000009643,0.1,1.0,0,0,,6.742493502863774,3.5891408526180766,1.8780009592559548
1495,74750,74799,7475.000000009662,7479.900000009661,0.1,30.0,1,1,3.033031645194864,8.713676300509313,0.4136078287465101,36.16377926155364
1496,74800,74849,7480.00000000968,7484.900000009679,0.15,5.0,1,1,10.324936364556882,9.599681884031016,0.9239772997239548,32.94666286300964
1497,74850,74899,7485.000000009698,7489.900000009698,0.1,1.0,0,0,,7.496356192772157,3.5973371624369923,14.615519583412986
1498,74900,74949,7490.000000009716,7494.900000009716,0.1,1.0,0,0,,0.1443880371896798,0.0150332799605936,0.624662849829353
1499,74950,74999,7495.000000009734,7499.900000009734,0.1,1.0,0,0,,0.1261675756113425,0.0117155408096923,1.0189419648018705
1500,75000,75049,7500.000000009752,7504.900000009751,0.1,1.0,0,0,,0.1111794245242207,0.0112896179211611,0.9345143737582248
1501,75050,75099,7505.000000009771,7509.90000000977,0.1,1.0,0,0,,0.0793378571600171,0.013822193560346,1.1348105651657825
1502,75100,75149,7510.000000009789,7514.9000000097885,2.0,30.0,1,1,0.2978385564326332,1.3237962140191528,0.5253498380114208,8.143249468368435
1503,75150,75199,7515.000000009807,7519.900000009807,0.1,1.0,0,0,,7.018241307110174,3.2443685016817976,21.28983036767941
1504,75200,75249,7520.000000009825,7524.900000009825,0.1,5.0,1,1,25.061290031270147,2.949879723966977,0.4056123220371947,7.102303498834379
1505,75250,75299,7525.0000000098435,7529.900000009843,0.1,1.0,0,0,,2.2578983834729462,0.7094392419684888,3.3046203637084104
1506,75300,75349,7530.000000009862,7534.900000009861,0.15,5.0,1,1,28.609104262274062,1.7820261698808957,0.2004425670691638,4.188108202918489
1507,75350,75399,7535.00000000988,7539.9000000098795,0.1,1.0,0,0,,4.227146519669715,1.6759570828552115,7.669084278951239
1508,75400,75449,7540.000000009898,7544.900000009898,0.1,3.0,1,1,21.128495098889463,3.8696791334994702,0.5808139713353048,12.649043456103238
1509,75450,75499,7545.000000009916,7549.900000009916,0.15,30.0,1,1,2.8682250247109864,1.506442483693645,0.3462215913973171,3.542378582914771
1510,75500,75549,7550.000000009934,7554.900000009934,0.1,1.0,0,0,,11.142288134394668,2.147722143571352,46.4091394473582
1511,75550,75599,7555.000000009953,7559.900000009952,0.1,5.0,1,1,10.911679368525084,1.546478091967922,1.147781006451684,10.418371223736989
1512,75600,75649,7560.000000009971,7564.90000000997,0.1,1.0,0,0,,11.829310295812489,0.1566195787404322,89.90842321306029
1513,75650,75699,7565.000000009989,7569.900000009989,0.1,0.7,1,1,51.41127620934419,3.3613249174553874,1.6453410410457203,29.03752847321226
1514,75700,75749,7570.000000010007,7574.900000010007,0.1,1.0,0,0,,2.4804141857664868,0.7671540412074659,18.084369817025888
1515,75750,75799,7575.000000010025,7579.900000010025,0.1,1.0,1,1,60.49555745188904,2.27960607530647,1.5086071854223235,8.69447228306763
1516,75800,75849,7580.000000010044,7584.900000010043,0.1,1.0,0,0,,1.7009717539473206,0.3769374192426584,2.381529149876701
1517,75850,75899,7585.000000010062,7589.900000010061,0.1,0.2,1,1,100.59163377216572,1.7674585988956792,1.7243329884064695,11.911615072019544
1518,75900,75949,7590.00000001008,7594.90000001008,0.1,1.0,1,1,85.51239758139714,5.111755065651793,3.1677893108822577,19.16080616127164
1519,75950,75999,7595.000000010098,7599.900000010098,0.1,1.0,0,0,,3.044282015082063,1.40129869255114,7.279397785892318
1520,76000,76049,7600.000000010116,7604.900000010116,0.2,20.0,1,1,6.219473075986072,2.3488298215922545,0.2908189687671061,5.633896289952867
1521,76050,76099,7605.0000000101345,7609.900000010134,0.1,1.0,0,0,,0.8671402266614731,0.6014495682217884,1.8372718887706796
1522,76100,76149,7610.000000010153,7614.900000010152,7.0,30.0,1,1,1.9416481051752157,3.471101092998062,0.702087027399953,3.757033324368578
1523,76150,76199,7615.000000010171,7619.9000000101705,0.1,1.0,0,0,,6.6546301445659015,3.3470045601899137,5.319086763400337
1524,76200,76249,7620.000000010189,7624.900000010189,0.1,1.0,0,0,,0.156278396631176,0.0760220506004481,1.398295336115509
1525,76250,76299,7625.000000010207,7629.900000010207,0.1,30.0,1,1,0.1390691755046167,0.6122491208812744,0.4695285617938201,1.0417879189428796
1526,76300,76349,7630.000000010225,7634.900000010225,0.1,1.0,0,0,,5.529007781089741,2.903771339995813,10.10187675418158
1527,76350,76399,7635.000000010244,7639.900000010243,0.1,1.0,1,1,90.50119906661256,1.884867222242522,1.3605753534183005,9.195910596631492
1528,76400,76449,7640.000000010262,7644.9000000102615,0.1,1.0,0,0,,12.675069997026933,0.3825519346808326,46.38486394410595
1529,76450,76499,7645.00000001028,7649.90000001028,0.2,0.3,1,1,106.06489875598574,1.153924691595838,1.7927172269680292,1.5657254040937487
1530,76500,76549,7650.000000010298,7654.900000010298,1.5,30.0,1,1,2.5656438739567293,4.35393174778837,2.4106349663806035,1.6356843485037418
1531,76550,76599,7655.000000010316,7659.900000010316,0.1,1.0,0,0,,4.207005025589656,2.528238620277361,2.151195579976886
1532,76600,76649,7660.000000010335,7664.900000010334,0.5,30.0,1,1,7.591057615563428,1.7594079292100733,1.428909272700157,4.771119219271402
1533,76650,76699,7665.000000010353,7669.900000010352,0.1,1.0,0,0,,2.2568626955174524,0.6836994715900029,1.0830701051390768
1534,76700,76749,7670.000000010371,7674.900000010371,0.1,30.0,1,1,6.417587136977932,2.439234658744717,0.306492868990844,0.6861277318370437
1535,76750,76799,7675.000000010389,7679.900000010389,0.1,1.0,0,0,,2.1564645944942464,1.3122685016866382,1.8161191875819105
1536,76800,76849,7680.000000010407,7684.900000010407,0.7,30.0,1,1,9.277674153541684,2.1630214699242982,0.1102368725198064,1.0545918185070235
1537,76850,76899,7685.0000000104255,7689.900000010425,0.1,1.0,0,0,,2.4756912507873934,0.2561131304610508,2.836792292145575
1538,76900,76949,7690.000000010444,7694.900000010443,0.1,30.0,1,1,8.970499224131602,1.4460062341199351,0.2685306331303425,1.1770670343764196
1539,76950,76999,7695.000000010462,7699.900000010462,0.1,30.0,1,1,8.404750845127488,2.712338593404051,0.316418230418847,2.8011966431478736
1540,77000,77049,7700.00000001048,7704.90000001048,0.1,1.0,0,0,,3.9752154984134207,0.5931476712334193,7.269121782003473
1541,77050,77099,7705.000000010498,7709.900000010498,0.7,0.1,1,1,8.92795764097242,5.808570882973101,3.435140310587485,4.628893180779008
1542,77100,77149,7710.000000010516,7714.900000010515,0.1,1.0,0,0,,0.4754959938392727,0.2337116839336245,0.6748897153160763
1543,77150,77199,7715.000000010535,7719.900000010534,0.1,1.0,0,0,,0.2236755147161138,0.0974215745338283,0.8328252858715689
1544,77200,77249,7720.000000010553,7724.9000000105525,0.1,1.0,0,0,,0.1550277764181885,0.0529225911333743,0.8175123345184693
1545,77250,77299,7725.000000010571,7729.900000010571,0.1,1.0,0,0,,0.0478830860940426,0.0106723199670299,1.0355993743084475
1546,77300,77349,7730.000000010589,7734.900000010589,0.1,1.0,0,0,,0.0570062588210325,0.0169491292882595,0.9131508598477934
1547,77350,77399,7735.000000010607,7739.900000010607,1.5,30.0,1,1,0.4130173954061313,1.2731868906641846,0.4117946800558682,9.633588346787404
1548,77400,77449,7740.000000010626,7744.900000010625,0.1,1.0,0,0,,9.063625593378909,2.3249566145945177,62.64240306186258
1549,77450,77499,7745.000000010644,7749.900000010643,0.1,3.0,1,1,34.92347384592296,2.584704420910897,0.565041798041384,4.167256455113772
1550,77500,77549,7750.000000010662,7754.900000010662,0.1,1.0,0,0,,1.3252534231699995,0.1800557418318646,1.1255339571623757
1551,77550,77599,7755.00000001068,7759.90000001068,0.1,30.0,1,1,3.572604373666206,1.1949991039786083,0.0446340050021449,1.918917599083752
1552,77600,77649,7760.000000010698,7764.900000010698,0.1,1.0,0,0,,0.8838488850724103,0.4773695940958002,1.660826295634548
1553,77650,77699,7765.000000010717,7769.900000010716,0.1,30.0,1,1,4.343601905982097,0.7662966539023615,0.266634610960927,0.3222203246221415
1554,77700,77749,7770.000000010735,7774.900000010734,0.1,30.0,1,1,3.769051889140288,2.2142725588073238,0.3624043132795737,1.9645121798626848
1555,77750,77799,7775.000000010753,7779.900000010753,0.1,1.0,0,0,,1.276941139476364,0.3397659029846205,1.469977675695373
1556,77800,77849,7780.000000010771,7784.900000010771,0.1,30.0,1,1,3.334908883022873,1.6431940258376805,0.1246047496519779,1.646990081511619
1557,77850,77899,7785.000000010789,7789.900000010789,0.1,1.0,0,0,,2.989796826767209,1.0871436512949084,7.396805689561791
1558,77900,77949,7790.000000010807,7794.900000010806,0.1,7.0,1,1,22.739347230908784,2.5995748468499427,0.3059761110479793,4.350370230799084
1559,77950,77999,7795.000000010826,7799.900000010825,0.1,1.0,0,0,,4.372207722633047,0.2017198511993973,9.20000861886161
1560,78000,78049,7800.000000010844,7804.9000000108435,0.1,30.0,1,1,6.5662169113596285,1.330533992641673,0.2357094200319265,0.9691891002925376
1561,78050,78099,7805.000000010862,7809.900000010862,0.1,1.0,0,0,,4.29786739037028,0.2785219182146664,10.026451029604951
1562,78100,78149,7810.00000001088,7814.90000001088,0.1,1.5,1,1,98.03205368552211,2.64114579611213,0.5584216156046539,7.250836739071562
1563,78150,78199,7815.000000010898,7819.900000010897,5.0,30.0,1,1,1.3272396772843704,3.364109760779887,1.0552412627542298,3.376369995905883
1564,78200,78249,7820.000000010917,7824.900000010916,0.1,1.0,0,0,,7.197926658543189,3.70363732920324,4.226314301807168
1565,78250,78299,7825.000000010935,7829.9000000109345,0.1,1.0,0,0,,0.3163971195469767,0.1476270548991679,0.1032320649694764
1566,78300,78349,7830.000000010953,7834.900000010953,0.1,1.0,0,0,,0.1233372371193812,0.0540981965422048,0.3814621848393262
1567,78350,78399,7835.000000010971,7839.900000010971,0.1,1.0,0,0,,0.1231856373992772,0.0740415499941288,3.2977480367810714
1568,78400,78449,7840.000000010989,7844.900000010989,20.0,15.0,1,1,0.3980355067199868,3.205406321327521,1.544765306636877,55.655303954865374
1569,78450,78499,7845.000000011008,7849.900000011007,0.1,1.0,0,0,,4.651914245325978,2.597809337456371,3.609928247081285
1570,78500,78549,7850.000000011026,7854.900000011025,0.1,30.0,1,1,4.274205693974944,1.1568278533391183,0.868556850425853,0.7989638920089438
1571,78550,78599,7855.000000011044,7859.900000011044,0.1,30.0,1,1,5.296800822165124,0.8558140314715382,0.391492671913459,1.710969670707772
1572,78600,78649,7860.000000011062,7864.900000011062,0.1,1.0,0,0,,1.5851990279093024,0.1836413298833843,3.804037250572756
1573,78650,78699,7865.00000001108,7869.90000001108,0.1,30.0,1,1,5.142479603702102,1.5274335077867556,0.2857111999318401,2.961824568568809
1574,78700,78749,7870.000000011099,7874.900000011098,0.1,1.0,0,0,,1.3588613121567923,0.0783549346094583,1.465943012660691
1575,78750,78799,7875.000000011117,7879.900000011116,0.1,10.0,1,1,16.835923570006912,1.820655789174622,0.3669726689211032,2.4060902650845746
1576,78800,78849,7880.000000011135,7884.900000011135,0.1,1.0,0,0,,1.3048213638945063,0.1454797049496164,3.824666430340352
1577,78850,78899,7885.000000011153,7889.900000011153,0.15,3.0,1,1,58.3235068043241,3.189041588423549,0.1435726352718597,3.925659009663353
1578,78900,78949,7890.000000011171,7894.900000011171,0.1,1.0,0,0,,2.136590335779029,0.3638672249591863,2.6230897205118344
1579,78950,78999,7895.000000011189,7899.900000011188,0.7,2.0,1,1,43.09929075924795,1.124803350791722,1.6300060726572343,3.5543199346405525
1580,79000,79049,7900.000000011208,7904.900000011207,0.2,5.0,1,1,24.22873690323509,4.495697717230176,1.6663117296050785,41.56622916263096
1581,79050,79099,7905.000000011226,7909.9000000112255,0.1,1.0,0,0,,5.684773801616036,3.29997159562544,4.849385788812568
1582,79100,79149,7910.000000011244,7914.900000011244,0.2,30.0,1,1,8.599576569658142,2.5717563731421342,1.000238292364402,6.978539538118508
1583,79150,79199,7915.000000011262,7919.900000011262,0.1,1.0,0,0,,5.124554505834039,0.6227609706289493,9.98451179247458
1584,79200,79249,7920.00000001128,7924.900000011279,0.7,30.0,1,1,8.270892187455487,3.052000599429547,0.1461170694150207,5.005079160320769
1585,79250,79299,7925.000000011299,7929.900000011298,0.1,1.0,0,0,,11.730172874099509,2.1575493601663926,21.086241103318702
1586,79300,79349,7930.000000011317,7934.9000000113165,0.1,30.0,1,1,8.139221038899427,1.1418321871127706,0.209173231429144,4.613541066886928
1587,79350,79399,7935.000000011335,7939.900000011335,0.1,1.0,0,0,,6.600201989452219,2.4626209314741385,5.2095878360112815
1588,79400,79449,7940.000000011353,7944.900000011353,0.7,0.5,1,1,59.27005251219584,1.4987198477437136,1.9542668100547835,12.969626836102645
1589,79450,79499,7945.000000011371,7949.900000011371,5.0,30.0,1,1,6.117803961501239,7.354491281122217,3.739197231066251,44.8288483715311
1590,79500,79549,7950.00000001139,7954.900000011389,0.1,1.0,0,0,,5.700978055697106,1.950103282683714,11.651734925295308
1591,79550,79599,7955.000000011408,7959.900000011407,0.15,15.0,1,1,13.639697915688355,1.47634006098859,0.7994392103693341,3.223323922204801
1592,79600,79649,7960.000000011426,7964.900000011426,0.1,1.0,0,0,,4.645721398714142,1.2504354150544938,7.461782799478847
1593,79650,79699,7965.000000011444,7969.900000011444,1.0,30.0,1,1,4.155531989614296,2.705927176310795,0.1676896923834903,5.344583651802457
1594,79700,79749,7970.000000011462,7974.900000011462,0.1,1.0,0,0,,2.0987678617123198,0.9887900797987176,5.232830168101954
1595,79750,79799,7975.000000011481,7979.90000001148,0.1,30.0,1,1,6.8319492758222005,1.7556794934425843,0.2235927506167375,2.3226191940328302
1596,79800,79849,7980.000000011499,7984.900000011498,0.1,1.0,0,0,,2.0149931904280685,0.2750995589118454,0.6626591314025722
1597,79850,79899,7985.000000011517,7989.900000011517,0.7,30.0,1,1,6.341783183090697,1.3929889968267188,0.0993920810172988,0.8683677638697047
1598,79900,79949,7990.000000011535,7994.900000011535,0.1,30.0,1,1,5.277177508623443,2.1027520621457385,0.2876979693073759,1.7997426402267658
1599,79950,79999,7995.000000011553,7999.900000011553,0.1,1.0,0,0,,1.8295710312516416,0.178668453019444,1.981257142355812
1600,80000,80049,8000.0000000115715,8004.900000011571,0.15,30.0,1,1,6.852374710243454,0.9343279213603436,0.5766419476220319,0.9073409312921084
1601,80050,80099,8005.00000001159,8009.900000011589,0.1,1.0,0,0,,2.8797518528217485,0.755343793643826,1.2034582029872147
1602,80100,80149,8010.000000011608,8014.9000000116075,2.0,30.0,1,1,4.757004567895214,2.6974376522724577,0.1500452299567171,1.2626042057443885
1603,80150,80199,8015.000000011626,8019.900000011626,0.1,1.0,0,0,,6.004721170490672,2.9994138310554708,2.458768099419714
1604,80200,80249,8020.000000011644,8024.900000011644,30.0,30.0,1,1,0.0662289793036848,2.3496372197105915,0.874722317798666,4.102493119811501
1605,80250,80299,8025.000000011662,8029.900000011662,0.1,1.0,0,0,,6.262204610810325,2.3509196824449075,46.758166965362165
1606,80300,80349,8030.000000011681,8034.90000001168,0.1,0.7,1,1,117.32914330445055,7.170622252752187,3.3496034234469523,18.4896759215629
1607,80350,80399,8035.000000011699,8039.9000000116985,0.1,30.0,1,1,3.932673286035361,2.6870152496922914,0.0872886017134465,5.5140855425078605
1608,80400,80449,8040.000000011717,8044.900000011717,0.1,1.0,0,0,,7.728497902854423,3.926860995456737,1.341774249068143
1609,80450,80499,8045.000000011735,8049.900000011735,30.0,30.0,1,1,0.0194210909231122,2.799604865937761,1.2731623573537016,2.949159950090202
1610,80500,80549,8050.000000011753,8054.900000011753,0.1,1.0,0,0,,0.2785493511451668,0.1140540826403959,0.3891577696197836
1611,80550,80599,8055.000000011772,8059.900000011771,0.1,1.0,0,0,,0.223125996376377,0.0472202749173645,0.4020808326757795
1612,80600,80649,8060.00000001179,8064.900000011789,0.1,30.0,1,1,0.2632896223680086,0.6682033000008858,0.3321707720179288,0.4809240964985627
1613,80650,80699,8065.000000011808,8069.900000011808,0.1,1.0,0,0,,9.362137919734227,5.078829836581793,2.635292193818714
1614,80700,80749,8070.000000011826,8074.900000011826,0.3,30.0,1,1,5.844899354558792,0.9433586903365284,0.8756815922278528,2.5430907094633413
1615,80750,80799,8075.000000011844,8079.900000011844,0.1,1.0,0,0,,1.0862566164344385,0.5696124350942239,1.0295135738353458
1616,80800,80849,8080.0000000118625,8084.900000011862,0.15,30.0,1,1,6.815195175496301,0.7879789895109753,0.2916435153431368,1.386575214556366
1617,80850,80899,8085.000000011881,8089.90000001188,0.1,1.0,0,0,,5.203724370597103,0.3354508200811845,13.964108275433926
1618,80900,80949,8090.000000011899,8094.900000011899,0.3,10.0,1,1,21.226800612207334,2.2420049063529044,0.3804235041577072,7.798468981105787
1619,80950,80999,8095.000000011917,8099.900000011917,0.1,1.0,0,0,,5.672530971069661,1.356505792780938,10.752776323629014
1620,81000,81049,8100.000000011935,8104.900000011935,0.1,30.0,1,1,5.58724290618601,15.611902538500171,0.7381092745231301,49.5310954606963
1621,81050,81099,8105.0000000119535,8109.900000011953,0.1,20.0,1,1,22.682397872792937,17.94074893011784,0.2969021685925842,52.61636945875487
1622,81100,81149,8110.000000011972,8114.900000011971,0.1,1.0,0,0,,19.96120113919846,0.1746378473675917,58.815292560070574
1623,81150,81199,8115.00000001199,8119.9000000119895,0.15,15.0,1,1,13.800773023246464,9.634786446864473,0.4044195001084537,25.827101053982275
1624,81200,81249,8120.000000012008,8124.900000012008,0.1,1.0,0,0,,7.791157148704276,0.5767308968578143,23.023297413902498
1625,81250,81299,8125.000000012026,8129.900000012026,0.1,3.0,1,1,70.55395049064559,4.876877868888645,2.7233126383727955,15.007614343300808
1626,81300,81349,8130.000000012044,8134.900000012044,0.1,1.0,0,0,,4.395247301193334,0.2525224566306754,10.99151025954955
1627,81350,81399,8135.000000012063,8139.900000012062,0.15,30.0,1,1,6.266955809876569,1.5498414575009647,0.0779777302360128,0.9140332212319292
1628,81400,81449,8140.000000012081,8144.90000001208,0.1,1.0,0,0,,2.828362528623954,0.7849763407695834,1.0618613247498967
1629,81450,81499,8145.000000012099,8149.900000012099,0.5,1.5,1,1,61.35546665949559,1.309103674235468,1.28038040452996,2.6619574779921957
1630,81500,81549,8150.000000012117,8154.900000012117,0.7,0.7,1,1,1.6994797421914272,6.1109509547112255,3.1763537408435085,4.946203102489807
1631,81550,81599,8155.000000012135,8159.900000012135,0.1,1.0,0,0,,0.731215488065372,0.1451593737444273,0.2074521390602045
1632,81600,81649,8160.000000012154,8164.900000012153,3.0,30.0,1,1,1.0193161958507726,1.9086271277435296,1.301240415712695,1.2078232184792448
1633,81650,81699,8165.000000012172,8169.900000012171,0.1,1.0,0,0,,3.4938450340478004,2.3155867021149925,1.060509862101078
1634,81700,81749,8170.00000001219,8174.90000001219,0.3,7.0,1,1,18.08522225000293,1.582230425598556,0.5505095499068509,3.94280362084042
1635,81750,81799,8175.000000012208,8179.900000012208,0.1,1.0,0,0,,6.42404517830624,2.8079202807500163,1.6426345143542296
1636,81800,81849,8180.000000012226,8184.900000012226,0.1,30.0,1,1,1.0028362951224283,1.895908042886916,0.8066095879111715,12.657444344596142
1637,81850,81899,8185.000000012244,8189.900000012243,0.1,1.0,0,0,,9.49023133504808,0.9545559688915444,42.06051444179745
1638,81900,81949,8190.000000012263,8194.900000012263,0.1,30.0,1,1,3.3546452065813317,0.7374912464866534,0.4587652331227607,0.7973499450485134
1639,81950,81999,8195.00000001228,8199.90000001228,0.1,30.0,1,1,5.332596021282649,2.07019200508364,0.7924907640791227,6.4910410574562185
1640,82000,82049,8200.000000012298,8204.900000012298,0.1,1.0,0,0,,2.386014977285502,0.2953501499789329,4.7734046746520855
1641,82050,82099,8205.000000012316,8209.900000012316,0.15,30.0,1,1,5.716752164593223,1.590847616676473,0.3045728615757454,0.9039191755349516
1642,82100,82149,8210.000000012335,8214.900000012334,0.1,1.0,0,0,,1.1425483957781994,0.1136540315930263,1.4104062819302394
1643,82150,82199,8215.000000012353,8219.900000012352,0.15,10.0,1,1,18.06987592381766,2.544993027834757,0.1775598841227264,3.931858680315307
1644,82200,82249,8220.000000012371,8224.90000001237,0.1,1.0,0,0,,1.0538626921315084,0.1308685094974043,0.5226201528065617
1645,82250,82299,8225.00000001239,8229.900000012389,1.0,30.0,1,1,5.452053105006367,2.1940252317741056,0.107321417682795,3.7680747908071752
1646,82300,82349,8230.000000012407,8234.900000012407,0.1,1.0,0,0,,3.0651629790827317,0.0787968614354449,6.194331460416263
1647,82350,82399,8235.000000012426,8239.900000012425,0.1,30.0,1,1,4.92024774768566,1.2477155107415068,0.1022014815612325,2.457002743272503
1648,82400,82449,8240.000000012444,8244.900000012443,0.1,30.0,1,1,4.205402998858927,1.5175343565141597,0.1056234744663052,1.1817142541253003
1649,82450,82499,8245.000000012462,8249.900000012462,0.1,1.0,0,0,,2.3701257267059823,0.6133842040638604,1.5670730356665548
1650,82500,82549,8250.00000001248,8254.90000001248,5.0,30.0,1,1,2.211613122831592,3.0701136611318707,0.3570233905737036,5.031002087892742
1651,82550,82599,8255.000000012498,8259.900000012498,0.1,1.0,0,0,,1.668664618523684,0.17722951213296,5.38829184238999
1652,82600,82649,8260.000000012516,8264.900000012516,0.15,5.0,1,1,24.55932407208726,1.9352493978127268,1.382855771032098,9.228010511136995
1653,82650,82699,8265.000000012535,8269.900000012534,0.1,1.0,0,0,,5.549004456563447,0.2684270267585612,15.699956902895888
1654,82700,82749,8270.000000012553,8274.900000012552,0.15,5.0,1,1,29.895353336631224,2.11507256591018,0.0710148878700971,2.8239600109423755
1655,82750,82799,8275.000000012571,8279.90000001257,0.1,1.0,0,0,,1.4262042609707557,0.1505082530004269,1.4372815535632069
1656,82800,82849,8280.00000001259,8284.900000012589,3.0,20.0,1,1,5.503451569021382,2.3120030364950885,0.3910254249312342,8.607311438773197
1657,82850,82899,8285.000000012607,8289.900000012607,0.5,30.0,1,1,4.962549847081118,3.7428324336617935,1.1601106296807897,10.546863312351531
1658,82900,82949,8290.000000012626,8294.900000012625,0.1,1.0,0,0,,1.2133538873608327,0.15105225123864,0.3022645985134378
1659,82950,82999,8295.000000012644,8299.900000012643,0.1,15.0,1,1,10.632548991140345,1.2583989436757124,0.5459548915293556,2.603560798711127
1660,83000,83049,8300.000000012662,8304.900000012662,0.1,1.0,0,0,,4.013004101032533,0.139733078768149,9.934133981828394
1661,83050,83099,8305.00000001268,8309.90000001268,0.1,7.0,1,1,23.429614441464903,1.869274885510308,0.6212409568452657,5.752233725158396
1662,83100,83149,8310.000000012698,8314.900000012698,0.1,1.0,0,0,,8.863389113130955,0.314775227933855,20.56287454430526
1663,83150,83199,8315.000000012717,8319.900000012716,3.0,30.0,1,1,3.918850282125643,2.047138190965432,0.7722237882178322,7.300870280721398
1664,83200,83249,8320.000000012735,8324.900000012734,0.1,1.0,0,0,,17.798169555057267,1.3102863877392164,101.30002900921345
1665,83250,83299,8325.000000012753,8329.900000012753,0.1,0.2,1,1,201.86523845088487,6.687080198296838,4.474639321584938,15.613453799801336
1666,83300,83349,8330.000000012771,8334.90000001277,0.15,30.0,1,1,4.665569045572727,3.029767712379502,0.7299656564650746,10.936059235443349
1667,83350,83399,8335.00000001279,8339.900000012789,0.1,1.0,0,0,,8.330717082003817,0.1525942142409349,24.419324619064103
1668,83400,83449,8340.000000012808,8344.900000012807,0.1,30.0,1,1,3.7570109035173194,1.7350855551101667,0.0743752299949961,4.184085160943832
1669,83450,83499,8345.000000012826,8349.900000012825,0.1,1.0,0,0,,2.616319786808317,0.2758684029600438,6.8161704792714
1670,83500,83549,8350.000000012844,8354.900000012844,0.1,20.0,1,1,6.97725618999054,1.247221568554256,0.212506068364571,0.8025201185921486
1671,83550,83599,8355.000000012862,8359.900000012862,0.1,1.0,0,0,,1.0059159156622166,0.3535179320117508,2.070291148800055
1672,83600,83649,8360.00000001288,8364.90000001288,20.0,15.0,1,1,0.82215362675714,1.675832695715865,1.3924289491746429,5.686813394444283
1673,83650,83699,8365.000000012898,8369.900000012898,0.1,1.0,0,0,,1.5895965577869184,1.1802154259636812,13.28711532331318
1674,83700,83749,8370.000000012917,8374.900000012916,0.1,0.5,1,1,103.76435470385628,5.099009449005808,3.3750398678397238,12.319888878450977
1675,83750,83799,8375.000000012935,8379.900000012934,0.1,30.0,1,1,4.390685453609817,1.0294926650122913,0.2799259325597263,0.4617919928526093
1676,83800,83849,8380.000000012953,8384.900000012953,0.1,1.0,0,0,,1.82260344334888,0.3445035554561427,5.389056126615026
1677,83850,83899,8385.000000012971,8389.90000001297,0.1,15.0,1,1,10.925896242070706,3.4847432683471045,0.3562891276172898,9.446071655875295
1678,83900,83949,8390.00000001299,8394.900000012989,0.1,1.0,0,0,,4.840121045550683,0.8791416510592949,9.423483908273049
1679,83950,83999,8395.000000013008,8399.900000013007,0.2,5.0,1,1,15.09768551595529,2.8008846722359646,0.1244572353238763,11.220824039800862
1680,84000,84049,8400.000000013026,8404.900000013025,0.1,1.0,0,0,,5.609580725865051,1.0145343025474438,10.713664147465051
1681,84050,84099,8405.000000013044,8409.900000013044,0.1,7.0,1,1,22.644743605022885,1.299884039843301,0.2467533915912255,1.9255651394109543
1682,84100,84149,8410.000000013062,8414.900000013062,0.1,1.0,0,0,,1.7561552474758395,0.2597205048742184,0.8110313277228377
1683,84150,84199,8415.00000001308,8419.90000001308,0.1,30.0,1,1,4.873343968771537,0.6120541293415541,0.3719151136064373,0.4449387694781038
1684,84200,84249,8420.000000013099,8424.900000013098,0.1,30.0,1,1,4.502595942895107,1.2944248852882123,0.1593325560185222,2.144717038629032
1685,84250,84299,8425.000000013117,8429.900000013116,0.1,1.0,0,0,,4.709289027658814,0.1373597746310282,13.305260240010943
1686,84300,84349,8430.000000013135,8434.900000013135,0.1,30.0,1,1,4.46621296901388,1.122796657896427,0.418809530473456,1.2219203546645243
1687,84350,84399,8435.000000013153,8439.900000013153,0.1,1.0,0,0,,2.221995061777084,0.6454138344006239,1.681031830140777
1688,84400,84449,8440.000000013171,8444.900000013171,0.3,30.0,1,1,3.098948980093234,1.5931225698008975,0.080600412301927,4.763743134441229
1689,84450,84499,8445.00000001319,8449.90000001319,0.1,1.0,0,0,,2.2545239921515123,0.1386320589995376,7.642993058934389
1690,84500,84549,8450.000000013208,8454.900000013207,0.1,3.0,1,1,38.60002621565998,1.3006391188083122,0.8363674859292146,1.5089478483654195
1691,84550,84599,8455.000000013226,8459.900000013226,0.1,1.0,0,0,,2.672778760516565,0.8547984678114446,1.262224799771448
1692,84600,84649,8460.000000013244,8464.900000013244,0.1,30.0,1,1,3.527915884955895,0.963416092660582,0.7142608433860441,1.3521939020409872
1693,84650,84699,8465.000000013262,8469.900000013262,0.1,30.0,1,1,4.484460868814586,1.6672071327012292,0.2947350086609901,4.052895341330338
1694,84700,84749,8470.00000001328,8474.90000001328,0.1,1.0,0,0,,2.254183365768181,0.4658913187681749,3.1778723035544147
1695,84750,84799,8475.000000013299,8479.900000013298,10.0,30.0,1,1,1.8049756233776848,4.296330509032424,0.4712698853904146,6.036656036029898
1696,84800,84849,8480.000000013317,8484.900000013316,0.1,1.0,0,0,,14.954624529743564,0.6830870234156089,71.75324458821065
1697,84850,84899,8485.000000013335,8489.900000013335,0.1,30.0,1,1,3.1709166720623947,1.2144523775164102,0.2179555846171755,2.7263837791660133
1698,84900,84949,8490.000000013353,8494.900000013353,0.1,1.0,0,0,,1.6541298342191573,0.2515028187627612,5.067665177623691
1699,84950,84999,8495.000000013371,8499.900000013371,0.1,7.0,1,1,15.10292337148885,0.8718231633199918,0.6027938112618836,0.7159296456909593
1700,85000,85049,8500.00000001339,8504.90000001339,0.1,1.0,0,0,,1.0671587436750216,0.3370939017504776,1.998029692544553
1701,85050,85099,8505.000000013408,8509.900000013407,0.1,30.0,1,1,4.813877100672375,2.342393142440563,0.5332314817144911,6.0445409618043415
1702,85100,85149,8510.000000013426,8514.900000013426,0.1,30.0,1,1,5.226584985674306,1.062971563916616,0.2233684863780394,0.8207404750674665
1703,85150,85199,8515.000000013444,8519.900000013444,0.1,1.0,0,0,,1.2835178548116328,0.3156003979442772,2.273723673857742
1704,85200,85249,8520.000000013462,8524.900000013462,0.1,30.0,1,1,5.692581284257298,1.245685578820987,0.2455931711739753,0.6214561040217513
1705,85250,85299,8525.00000001348,8529.90000001348,0.1,1.0,0,0,,1.6605461921642315,0.1940531232390797,1.558221865784237
1706,85300,85349,8530.000000013499,8534.900000013498,0.1,30.0,1,1,5.246389262754074,1.4151722134915203,0.1868428044379534,2.1373171597349603
1707,85350,85399,8535.000000013517,8539.900000013517,0.1,1.0,0,0,,1.086322249013188,0.3102263227030187,1.9512211367064685
1708,85400,85449,8540.000000013535,8544.900000013535,0.1,10.0,1,1,17.100204495002203,1.7818698098315204,0.3096005224203892,3.665928117336111
1709,85450,85499,8545.000000013553,8549.900000013553,0.1,1.0,0,0,,1.9864640966806144,0.2063847634348078,3.4129090335455503
1710,85500,85549,8550.000000013571,8554.900000013571,0.1,30.0,1,1,5.10338144356781,2.4987740227734823,0.5067528042689218,6.602328359185699
1711,85550,85599,8555.00000001359,8559.90000001359,0.1,30.0,1,1,4.371458717180975,2.957377776541954,0.1569267189571445,7.861508031061658
1712,85600,85649,8560.000000013608,8564.900000013607,0.1,1.0,0,0,,1.791870912864686,0.2201492588283203,1.6019880280184269
1713,85650,85699,8565.000000013626,8569.900000013626,0.1,15.0,1,1,8.531414007214757,2.1561102973631785,0.3270243241029532,4.7120124354893855
1714,85700,85749,8570.000000013644,8574.900000013644,0.1,1.0,0,0,,2.401685096526733,0.1082992880342229,4.973091124732294
1715,85750,85799,8575.000000013662,8579.900000013662,0.1,20.0,1,1,6.541332368052392,1.6984371994368408,0.1903235393980375,3.21625893749746
1716,85800,85849,8580.00000001368,8584.90000001368,0.1,1.0,0,0,,2.673149445892623,0.2759402586041447,4.428006919263324
1717,85850,85899,8585.000000013699,8589.900000013698,0.1,5.0,1,1,24.883535726190416,1.0903284600936147,0.6238468934027991,1.3458680026131935
1718,85900,85949,8590.000000013717,8594.900000013717,0.1,1.0,0,0,,3.797359354226964,0.7944543567151967,9.74692744406077
1719,85950,85999,8595.000000013735,8599.900000013735,0.1,30.0,1,1,4.457533523818171,3.522428717834019,1.193652291271447,7.495448160920161
1720,86000,86049,8600.000000013753,8604.900000013753,0.1,30.0,1,1,4.503968022998722,0.9792538575729766,0.25816222542875,1.2666703753076551
1721,86050,86099,8605.000000013772,8609.900000013771,0.1,1.0,0,0,,2.465278299834952,0.7530534833963779,2.031480788105376
1722,86100,86149,8610.00000001379,8614.90000001379,5.0,20.0,1,1,0.834168442778062,3.543762622255882,1.3432271304987993,2.640335173131425
1723,86150,86199,8615.000000013808,8619.900000013808,0.1,1.0,0,0,,4.625358072790434,2.265050870965187,1.1937862321369723
1724,86200,86249,8620.000000013826,8624.900000013826,0.1,1.0,0,0,,0.0562190848141485,0.077046995303272,0.6872976431092659
1725,86250,86299,8625.000000013844,8629.900000013844,20.0,30.0,1,1,0.2384009371121576,2.1614760131885427,1.8995415516410628,2.9327465827251906
1726,86300,86349,8630.000000013863,8634.900000013862,0.1,1.0,0,0,,1.811687544385869,0.9976033598606232,2.5147204413359505
1727,86350,86399,8635.00000001388,8639.90000001388,2.0,30.0,1,1,2.4879754495074224,0.5477510065187597,0.2119364597106914,0.5503317184349779
1728,86400,86449,8640.000000013899,8644.900000013899,0.5,30.0,1,1,5.737760320050259,2.4114301309791046,1.7314045537411895,3.465698705661183
1729,86450,86499,8645.000000013917,8649.900000013917,0.1,1.0,0,0,,1.525442297589257,0.1218724083164162,1.9601605443152317
1730,86500,86549,8650.000000013935,8654.900000013935,0.1,30.0,1,1,4.540552385616507,1.816614908647069,0.1155580769256129,2.204308406657297
1731,86550,86599,8655.000000013953,8659.900000013953,0.1,1.0,0,0,,1.356636946731893,0.1255291381760975,1.8092336386014924
1732,86600,86649,8660.000000013972,8664.900000013971,5.0,30.0,1,1,2.030219701445322,3.9924550168184902,0.7564736291893817,13.914385921824492
1733,86650,86699,8665.00000001399,8669.90000001399,0.1,1.0,0,0,,8.914936158012404,0.7321941892039727,43.507092861004615
1734,86700,86749,8670.000000014008,8674.900000014008,0.1,1.5,1,1,67.80295620244416,1.6148386347096189,1.423167791094179,3.447655246459595
1735,86750,86799,8675.000000014026,8679.900000014026,0.1,1.0,0,0,,6.575577027175391,0.5550026890405404,21.06706002610257
1736,86800,86849,8680.000000014044,8684.900000014044,0.1,15.0,1,1,8.646867840626804,8.33332830059558,0.0910203137950224,24.22615288437301
1737,86850,86899,8685.000000014063,8689.900000014062,5.0,30.0,1,1,1.6312501734096356,3.0258915544798635,0.8811008293423355,1.28867591012167
1738,86900,86949,8690.00000001408,8694.90000001408,0.1,1.0,0,0,,5.188305994866154,1.8818378475816813,21.809676334763367
1739,86950,86999,8695.000000014099,8699.900000014099,0.1,2.0,1,1,36.61525654327207,7.169603496194096,1.5383371545730538,53.45709920354043
1740,87000,87049,8700.000000014117,8704.900000014117,0.1,1.0,0,0,,4.855807390016633,0.524964144259857,17.21353505974368
1741,87050,87099,8705.000000014135,8709.900000014135,0.1,5.0,1,1,17.389309148460345,1.2220031118704713,0.790118042232813,2.4058310521683497
1742,87100,87149,8710.000000014154,8714.900000014153,0.1,1.0,0,0,,3.718156020478189,1.0089563344349457,0.9462197737577828
1743,87150,87199,8715.000000014172,8719.900000014171,0.1,7.0,1,1,13.331232210647531,0.524068514177106,0.4389391712295225,0.6590843518815197
1744,87200,87249,8720.00000001419,8724.90000001419,0.1,1.0,0,0,,2.383307193419956,0.6683709349099455,4.104430656637907
1745,87250,87299,8725.000000014208,8729.900000014208,1.0,30.0,1,1,3.5015780126111857,0.9640399682133886,0.1537830141628687,0.6884059123975707
1746,87300,87349,8730.000000014226,8734.900000014226,3.0,15.0,1,1,2.9817468541715986,1.8843230212190647,0.4287441022875673,3.0209394588515392
1747,87350,87399,8735.000000014245,8739.900000014244,0.1,1.0,0,0,,3.332818479078359,0.681182961734319,8.84016788814743
1748,87400,87449,8740.000000014263,8744.900000014262,5.0,30.0,1,1,1.4180812930949889,2.2402506779448546,0.1852669967691238,2.1869457826012253
1749,87450,87499,8745.00000001428,8749.90000001428,0.1,1.0,0,0,,1.6950974943303987,0.5195215418314677,1.1782887509518478
1750,87500,87549,8750.000000014299,8754.900000014299,0.1,5.0,1,1,8.962842894484881,0.481681811725875,0.5875318086709485,1.0199594327148005
1751,87550,87599,8755.000000014317,8759.900000014317,0.1,1.0,0,0,,0.8969633122339415,0.6918389315535819,1.915060450142968
1752,87600,87649,8760.000000014335,8764.900000014335,0.1,30.0,1,1,2.105352513297036,0.6418659274366142,0.3167293098994312,0.7983276173785684
1753,87650,87699,8765.000000014354,8769.900000014353,0.1,1.0,0,0,,1.1190132672868185,0.7532231917454705,1.249818707904342
1754,87700,87749,8770.000000014372,8774.900000014371,1.5,30.0,1,1,2.9195754079251763,1.0057204906829234,0.1532967095033362,1.4129897433696958
1755,87750,87799,8775.00000001439,8779.90000001439,0.1,30.0,1,1,2.5139900623314477,1.0182696925973966,0.6278350139145727,1.710648869016348
1756,87800,87849,8780.000000014408,8784.900000014408,0.1,1.0,0,0,,2.57672226867476,1.5749691172634117,1.931710739537468
1757,87850,87899,8785.000000014426,8789.900000014426,0.1,30.0,1,1,3.909964937240164,1.1854142851850178,0.1509336961936086,1.3997241571925922
1758,87900,87949,8790.000000014445,8794.900000014444,0.1,1.0,0,0,,1.1045613304731474,0.1109184969689573,1.4020032173276566
1759,87950,87999,8795.000000014463,8799.900000014462,0.1,30.0,1,1,4.105661366485059,1.034455406941695,0.1679893063921454,2.393762675263589
1760,88000,88049,8800.000000014481,8804.90000001448,0.1,1.0,0,0,,4.397494852364276,2.1889814789796005,1.7547661035699655
1761,88050,88099,8805.0000000145,8809.900000014499,0.1,1.5,1,1,34.89900983951677,1.833714875053911,1.3744511122345375,0.78480356105096
1762,88100,88149,8810.000000014517,8814.900000014517,0.1,1.0,0,0,,2.776616150011196,1.6982166954141331,1.231638469596932
1763,88150,88199,8815.000000014536,8819.900000014535,0.1,30.0,1,1,5.888469447798897,3.707579382912425,0.5080352516208247,9.48285785454137
1764,88200,88249,8820.000000014554,8824.900000014553,0.15,30.0,1,1,8.65712494558159,1.7745602459354302,0.7806258067894666,1.886862547378635
1765,88250,88299,8825.000000014572,8829.900000014572,0.1,1.0,0,0,,1.2780555120313335,0.2248970637591062,0.9343366230478836
1766,88300,88349,8830.00000001459,8834.90000001459,0.1,30.0,1,1,7.731091837387006,2.9865308339581262,0.5105305205011571,0.794710415158299
1767,88350,88399,8835.000000014608,8839.900000014608,0.1,1.0,0,0,,1.0500432150916237,0.4424480223281171,1.4561062310027697
1768,88400,88449,8840.000000014626,8844.900000014626,0.5,30.0,1,1,8.248732046194519,2.4883612930071424,0.1656770554128567,4.726416893704148
1769,88450,88499,8845.000000014645,8849.900000014644,0.1,1.0,0,0,,3.4932652173204595,0.0878584808802109,6.651207956539223
1770,88500,88549,8850.000000014663,8854.900000014663,0.7,30.0,1,1,7.340083109113208,2.2005730110881547,0.1580219578251894,5.2864537746171045
1771,88550,88599,8855.000000014681,8859.90000001468,0.1,1.0,0,0,,5.165516100997543,0.8320824398358033,9.59169053503216
1772,88600,88649,8860.0000000147,8864.900000014699,0.5,30.0,1,1,7.735371682129912,2.62032681558951,0.0899158957730045,4.775812314687085
1773,88650,88699,8865.000000014717,8869.900000014717,0.1,30.0,1,1,8.912309964061512,2.3534243169923377,0.6624838436056948,4.051161099616598
1774,88700,88749,8870.000000014736,8874.900000014735,0.1,1.0,0,0,,2.544233597159265,0.4977762968889412,1.7285857125457789
1775,88750,88799,8875.000000014754,8879.900000014753,0.1,30.0,1,1,6.055417870212785,3.253521481821116,0.7628068269646527,1.484202735044422
1776,88800,88849,8880.000000014772,8884.900000014772,0.1,1.0,0,0,,1.5219903728869968,0.5570654214051644,2.1600147330105184
1777,88850,88899,8885.00000001479,8889.90000001479,0.1,30.0,1,1,7.085336923434587,2.3918207888916347,0.1868159488436197,2.051512982287616
1778,88900,88949,8890.000000014808,8894.900000014808,0.1,1.0,0,0,,3.312558566383496,0.710080945739399,5.957128400837142
1779,88950,88999,8895.000000014827,8899.900000014826,1.5,30.0,1,1,4.107057845041017,2.279550599164857,0.4798651099371867,2.81465821242015
1780,89000,89049,8900.000000014845,8904.900000014844,0.1,1.0,0,0,,1.2181712900710004,0.5847011166554179,2.370855567312357
1781,89050,89099,8905.000000014863,8909.900000014863,1.0,30.0,1,1,6.058759887209661,0.8772603536400585,0.5034028093185937,0.6675539194614875
1782,89100,89149,8910.000000014881,8914.90000001488,0.1,30.0,1,1,6.363579045921757,1.841946289439496,0.8545747573156661,4.777181441381666
1783,89150,89199,8915.0000000149,8919.900000014899,0.1,1.0,0,0,,5.446952091439348,0.1515596676797829,11.018889312789774
1784,89200,89249,8920.000000014918,8924.900000014917,0.1,30.0,1,1,5.436593055894667,1.2652894094574552,0.4686043826348154,0.6113619267977366
1785,89250,89299,8925.000000014936,8929.900000014935,0.1,1.0,0,0,,4.116954627728485,0.4997835732698981,10.052677263962789
1786,89300,89349,8930.000000014954,8934.900000014954,0.2,10.0,1,1,16.64443067953644,2.685392492084794,0.2519684324143698,6.937174448051674
1787,89350,89399,8935.000000014972,8939.900000014972,0.1,1.0,0,0,,2.760739025820933,0.0576385643600071,4.161120650192178
1788,89400,89449,8940.00000001499,8944.90000001499,0.2,3.0,1,1,46.38604794630242,2.5581845497077045,0.1424233650577212,5.047239758192941
1789,89450,89499,8945.000000015008,8949.900000015008,0.1,1.0,0,0,,3.4461937748909164,0.0939610805101884,7.275717701721203
1790,89500,89549,8950.000000015027,8954.900000015026,0.1,30.0,1,1,4.3480399100959,2.006785252284482,0.3173419847793314,4.948048814599022
1791,89550,89599,8955.000000015045,8959.900000015044,0.1,30.0,1,1,3.368912556535985,3.2769385998094736,0.6588670279147013,3.1214676131718204
1792,89600,89649,8960.000000015063,8964.900000015063,0.1,1.0,0,0,,3.729015414000362,1.235762371487552,9.438302165057449
1793,89650,89699,8965.000000015081,8969.90000001508,0.1,30.0,1,1,4.670242435487457,2.925335161155674,0.311274235585484,5.491722249843267
1794,89700,89749,8970.0000000151,8974.900000015099,0.1,1.0,0,0,,2.008612993569605,0.1024006019940666,4.442872405743061
1795,89750,89799,8975.000000015118,8979.900000015117,5.0,20.0,1,1,3.0203523205969187,3.322210810108173,0.5222472946049419,1.874790773885953
1796,89800,89849,8980.000000015136,8984.900000015135,0.1,1.0,0,0,,2.6595809621121997,1.8392524701823283,0.97418902605492
1797,89850,89899,8985.000000015154,8989.900000015154,0.1,5.0,1,1,29.181481284046207,1.1198379127553713,0.7982004956811014,1.424603460912388
1798,89900,89949,8990.000000015172,8994.900000015172,0.1,1.0,0,0,,4.046796887290428,1.8839702275048007,4.549989978081931
1799,89950,89999,8995.00000001519,8999.90000001519,0.1,30.0,1,1,2.8717848811726787,3.902488779606623,1.945845902529525,10.609630885665403
1800,90000,90049,9000.000000015209,9004.900000015208,0.1,30.0,1,1,5.330713998430448,2.856183065641064,0.3941393513596112,5.777068172355794
1801,90050,90099,9005.000000015227,9009.900000015226,0.1,1.0,0,0,,1.8175182438091264,0.2260407377299218,3.655642175485639
1802,90100,90149,9010.000000015243,9014.900000015243,3.0,5.0,1,1,1.6407668826311836,4.324116530843027,2.1790175038291317,2.671689566430195
1803,90150,90199,9015.000000015263,9019.900000015263,0.1,1.0,0,0,,1.4271708469755566,1.675648057361611,3.6770507416314846
1804,90200,90249,9020.00000001528,9024.90000001528,0.1,2.0,1,1,26.75178093288945,0.999203699365071,1.1870664126784898,2.2463336584182554
1805,90250,90299,9025.0000000153,9029.9000000153,0.1,1.0,0,0,,4.757108631626349,1.0532242853478155,28.228645928218647
1806,90300,90349,9030.000000015318,9034.900000015317,0.1,1.5,1,1,61.360199234990745,1.314582112598338,1.3404396727884131,2.3623194446109235
1807,90350,90399,9035.000000015336,9039.900000015336,0.1,1.0,0,0,,1.6883598214524398,0.6005170598045535,1.34140514930043
1808,90400,90449,9040.000000015354,9044.900000015354,0.1,30.0,1,1,4.128054020685984,3.133712604066905,2.1128110063157126,2.5785844383228067
1809,90450,90499,9045.000000015372,9049.900000015372,0.3,30.0,1,1,9.336033470643253,2.6821581394819867,1.4248246084803882,4.825941313508956
1810,90500,90549,9050.00000001539,9054.90000001539,0.1,1.0,0,0,,4.1245961116739895,0.7224474007051213,6.3613675813200325
1811,90550,90599,9055.000000015409,9059.900000015408,0.1,30.0,1,1,10.156371299791166,2.6321617145923266,0.154393547194125,0.7100766528549898
1812,90600,90649,9060.000000015429,9064.900000015428,0.1,1.0,0,0,,1.2265629279315065,0.3757451957279663,0.5112991118493404
1813,90650,90699,9065.000000015443,9069.900000015443,0.1,30.0,1,1,11.850812590528472,1.901640122752424,0.3502244513056715,1.01406412067659
1814,90700,90749,9070.000000015463,9074.900000015463,0.1,1.0,0,0,,4.755846487980936,0.2478018634663693,7.628446891899342
1815,90750,90799,9075.00000001548,9079.90000001548,0.2,5.0,1,1,73.93368852849298,4.155557228462315,0.1124571462196969,4.871273484706932
1816,90800,90849,9080.0000000155,9084.9000000155,0.1,1.0,0,0,,3.775774334278647,0.2299106465176849,5.198228571516909
1817,90850,90899,9085.000000015518,9089.900000015517,0.1,30.0,1,1,12.835028064019632,2.746870272041566,0.7383817401534012,3.5306498609244703
1818,90900,90949,9090.000000015536,9094.900000015536,0.1,30.0,1,1,13.326059988279049,3.3209623443893204,0.108478363669835,3.3103412831091896
1819,90950,90999,9095.000000015554,9099.900000015554,0.1,1.0,0,0,,2.3149218850995426,0.1091721140072648,1.8612591141429429
1820,91000,91049,9100.000000015572,9104.900000015572,0.1,30.0,1,1,13.13794008984996,2.6677454584911584,0.1882719595354097,1.281510445133257
1821,91050,91099,9105.00000001559,9109.90000001559,0.1,1.0,0,0,,2.6537127748130507,0.0656222143631962,2.6696733972713607
1822,91100,91149,9110.000000015609,9114.900000015608,0.1,30.0,1,1,14.191993764091103,2.76518590545667,0.0867378884547747,2.115251722889816
1823,91150,91199,9115.000000015629,9119.900000015628,0.1,1.0,0,0,,3.187285851612483,0.0476138393321624,2.618740986100784
1824,91200,91249,9120.000000015643,9124.900000015643,0.1,20.0,1,1,21.275275518329043,2.536069878996152,0.048979657006033,1.3612147367193117
1825,91250,91299,9125.000000015663,9129.900000015663,0.1,1.0,0,0,,2.395385957319545,0.1567030110128174,2.6108315538908027
1826,91300,91349,9130.000000015682,9134.900000015681,0.1,30.0,1,1,14.236385564094274,1.5919869394694983,0.2716267677102293,1.0458700367299665
1827,91350,91399,9135.0000000157,9139.9000000157,0.1,30.0,1,1,13.89742129706992,2.491353759446686,0.1206102221972223,0.7543164934609756
1828,91400,91449,9140.000000015718,9144.900000015718,0.1,1.0,0,0,,2.610094434527724,0.3756531988074928,2.691000710769016
1829,91450,91499,9145.000000015736,9149.900000015736,0.1,30.0,1,1,15.71613413852805,2.832644779935366,0.2282520830052365,1.893237423675804
1830,91500,91549,9150.000000015754,9154.900000015754,0.1,1.0,0,0,,1.6226583712984912,0.2679979935496878,0.9406231001215554
1831,91550,91599,9155.000000015772,9159.900000015772,0.1,30.0,1,1,15.604027356425512,2.746014318772618,0.1100271189071542,0.6209361262722777
1832,91600,91649,9160.00000001579,9164.90000001579,0.1,1.0,0,0,,3.074497053480312,0.0977628376837594,3.449855758884338
1833,91650,91699,9165.000000015809,9169.900000015808,0.1,30.0,1,1,15.443604975102428,2.363137522232154,0.2370103573801321,1.645696922817444
1834,91700,91749,9170.000000015829,9174.900000015828,0.1,1.0,0,0,,2.235905082448484,0.5616043761379956,1.3739060823487044
1835,91750,91799,9175.000000015843,9179.900000015843,7.0,30.0,1,1,8.39274617958586,1.588149464974275,1.135070154533817,2.4600639356505374
1836,91800,91849,9180.000000015863,9184.900000015863,0.2,0.5,1,1,17.90571957983294,6.342183315424945,3.139078426563422,7.356469943375511
1837,91850,91899,9185.000000015882,9189.900000015881,0.1,1.0,0,0,,4.531967584089751,1.239141397693856,62.47017881647168
1838,91900,91949,9190.0000000159,9194.9000000159,2.0,30.0,1,1,11.650389352719374,8.139030495312072,4.601588147840355,44.66764580142305
1839,91950,91999,9195.000000015918,9199.900000015918,0.1,1.0,0,0,,5.99007523152833,3.6092285272868967,2.547740780789711
1840,92000,92049,9200.000000015936,9204.900000015936,0.1,30.0,1,1,17.424296435107458,2.4133641701352917,0.2263298969861927,0.7893191892388236
1841,92050,92099,9205.000000015954,9209.900000015954,0.1,1.0,0,0,,2.3100879071210003,0.1800577097535388,1.3546955628508726
1842,92100,92149,9210.000000015973,9214.900000015972,0.3,30.0,1,1,17.13865183099581,3.094241027167125,0.0586264560324563,2.1198299732872137
1843,92150,92199,9215.00000001599,9219.90000001599,0.1,1.0,0,0,,1.9069065805493373,0.4268696946608677,1.4721180393377238
1844,92200,92249,9220.000000016007,9224.900000016007,0.1,30.0,1,1,17.772287597833113,2.0873855148751987,0.303941741602604,1.237392165366694
1845,92250,92299,9225.000000016027,9229.900000016027,0.1,30.0,1,1,17.020985222049944,2.59190671963216,0.217193896145058,1.5381201803648177
1846,92300,92349,9230.000000016043,9234.900000016043,0.1,1.0,0,0,,2.7701325335143445,0.1584135467737904,2.5545770818120785
1847,92350,92399,9235.000000016063,9239.900000016063,0.1,30.0,1,1,17.349892388752544,3.1555573007238378,0.179461731810488,0.7472339658846137
1848,92400,92449,9240.000000016082,9244.900000016081,0.1,1.0,0,0,,3.818409017434264,0.0429896028096626,3.814388674314024
1849,92450,92499,9245.0000000161,9249.9000000161,0.1,30.0,1,1,16.951173810958583,3.337536694746245,0.1861288273996864,1.3716791961216843
1850,92500,92549,9250.000000016118,9254.900000016118,0.1,1.0,0,0,,1.986481148093088,0.1868613600616382,0.7820327431418761
1851,92550,92599,9255.000000016136,9259.900000016136,0.3,30.0,1,1,16.962360297318646,2.6870746402357213,0.1338327131558163,0.4985975709725941
1852,92600,92649,9260.000000016154,9264.900000016154,0.1,1.0,0,0,,2.3466505333624106,0.170871819842651,1.0148942860771293
1853,92650,92699,9265.000000016173,9269.900000016172,0.1,30.0,1,1,17.555095330594245,2.057602518015296,0.2803252775197824,1.4877540785617205
1854,92700,92749,9270.00000001619,9274.90000001619,0.1,30.0,1,1,15.887776478979998,2.880224560705304,0.1400741822667278,1.9223062682973413
1855,92750,92799,9275.000000016207,9279.900000016207,0.1,1.0,0,0,,2.793816263773736,0.0381017957694847,2.538763685311394
1856,92800,92849,9280.000000016227,9284.900000016227,0.1,30.0,1,1,16.31508893232385,5.51794898146284,0.1738038410171859,6.430562261542571
1857,92850,92899,9285.000000016244,9289.900000016243,0.1,1.0,0,0,,6.722484817444604,0.106731709738994,9.368469738234287
1858,92900,92949,9290.000000016264,9294.900000016263,0.1,30.0,1,1,17.334648075816897,2.9748291406925835,0.1867849391022295,1.6509300152396682
1859,92950,92999,9295.000000016282,9299.900000016281,0.1,1.0,0,0,,3.132618855251272,0.3394118282512587,1.410044383302551
1860,93000,93049,9300.0000000163,9304.9000000163,2.0,15.0,1,1,24.15962182884685,3.115198146594106,0.4543259727967407,4.330649688282799
1861,93050,93099,9305.000000016318,9309.900000016318,0.1,1.0,0,0,,11.472841734117871,0.1229301680794013,23.860852763078384
1862,93100,93149,9310.000000016336,9314.900000016336,0.15,20.0,1,1,14.458208572701524,5.087043995960189,0.1733396833429107,9.248130792972988
1863,93150,93199,9315.000000016356,9319.900000016356,0.1,30.0,1,1,5.858059513715367,2.8470079700661683,0.6782845633003731,1.4304884800952349
1864,93200,93249,9320.000000016373,9324.900000016372,0.1,1.0,0,0,,6.182791606393042,2.1782369568072646,10.93774848987203
1865,93250,93299,9325.000000016393,9329.900000016392,0.3,0.1,1,1,8.326336037482475,2.9077937326760703,1.9388390245497649,1.617776057408949
1866,93300,93349,9330.00000001641,9334.900000016409,0.1,1.0,0,0,,0.2735720352061997,0.1994373480097939,2.16156546515458
1867,93350,93399,9335.000000016427,9339.900000016427,5.0,30.0,1,1,0.4855426365037109,1.9344118672845247,0.9338592546427188,15.502460898708648
1868,93400,93449,9340.000000016444,9344.900000016443,0.1,1.0,0,0,,12.1856064492923,2.622270099207645,58.44688394725409
1869,93450,93499,9345.000000016464,9349.900000016463,0.1,2.0,1,1,111.23089135781736,1.781755408168223,1.88067412325582,2.725749773555103
1870,93500,93549,9350.000000016482,9354.900000016481,0.1,1.0,0,0,,4.1832181612999,0.95429685959038,9.557268890709054
1871,93550,93599,9355.0000000165,9359.9000000165,0.1,1.5,1,1,69.02372625167473,7.766066630212627,0.5546904271070475,27.666720909259137
1872,93600,93649,9360.000000016518,9364.900000016518,0.15,30.0,1,1,9.308514044293092,3.847852307321052,1.8575430630232432,11.140536160958009
1873,93650,93699,9365.000000016536,9369.900000016536,0.1,1.0,0,0,,1.4350116754590676,0.4842498103537271,1.5785374319619856
1874,93700,93749,9370.000000016556,9374.900000016556,0.1,30.0,1,1,8.104399480552551,1.692944780721268,0.2767722512814867,1.2812570420867604
1875,93750,93799,9375.000000016573,9379.900000016572,0.1,1.0,0,0,,4.4418952849660265,0.7944830833577115,9.426837296098538
1876,93800,93849,9380.000000016593,9384.900000016592,0.7,30.0,1,1,8.649957221919834,3.31310391636654,0.4150670551417501,1.8744197324607903
1877,93850,93899,9385.00000001661,9389.900000016609,0.1,1.0,0,0,,1.941029464737463,0.631076144100081,2.570094902790948
1878,93900,93949,9390.000000016627,9394.900000016627,1.0,30.0,1,1,9.356301841463551,1.5864821569531051,0.1867541007636059,0.7086333951626516
1879,93950,93999,9395.000000016646,9399.900000016645,0.1,1.0,0,0,,1.622286167211921,0.4186842290593598,1.9574151214292836
1880,94000,94049,9400.000000016664,9404.900000016663,0.1,30.0,1,1,9.559752701745442,1.716326872025098,0.311859547872077,1.7945976792120577
1881,94050,94099,9405.000000016682,9409.900000016682,0.1,30.0,1,1,10.145601597433236,3.4622656356274275,0.1310648576685523,4.9410522607206335
1882,94100,94149,9410.0000000167,9414.9000000167,0.1,1.0,0,0,,1.4340638132602286,0.1729395190859751,1.623738399361321
1883,94150,94199,9415.000000016718,9419.900000016718,0.2,30.0,1,1,9.926974433835928,3.542397093439087,0.3672889457207429,6.277358695343073
1884,94200,94249,9420.000000016737,9424.900000016736,0.1,1.0,0,0,,3.9694547916539062,0.5244820182388031,6.708301127232637
1885,94250,94299,9425.000000016757,9429.900000016756,0.15,30.0,1,1,11.613171600237589,2.9390633242818325,0.1186395326213354,2.821808947839437
1886,94300,94349,9430.000000016773,9434.900000016773,0.1,1.0,0,0,,4.130461346735254,0.5582970660592141,8.312706716531176
1887,94350,94399,9435.000000016791,9439.90000001679,0.2,15.0,1,1,21.62854881199329,2.219045516986651,0.6481930833662812,3.8800356702565297
1888,94400,94449,9440.00000001681,9444.900000016809,0.1,1.0,0,0,,7.199345196756176,0.2456208891188382,8.41579335773618
1889,94450,94499,9445.000000016827,9449.900000016827,0.1,30.0,1,1,10.976060591262106,6.301522392883646,0.3044104669580298,10.395550618648944
1890,94500,94549,9450.000000016846,9454.900000016845,0.1,30.0,1,1,11.236626433302328,2.2338713574114584,0.2489588450142404,2.4584856777021216
1891,94550,94599,9455.000000016864,9459.900000016863,0.1,1.0,0,0,,1.9886495586323525,0.1590766709489197,0.9622665540599156
1892,94600,94649,9460.000000016882,9464.900000016882,7.0,30.0,1,1,5.361749739694504,7.021963303897835,0.6336715074733159,4.545825330799448
1893,94650,94699,9465.0000000169,9469.9000000169,0.1,1.0,0,0,,2.4567867703739177,0.2174283979690594,4.113493686537087
1894,94700,94749,9470.000000016918,9474.900000016918,0.1,20.0,1,1,12.396802435180804,1.04484178931839,0.5778557016199053,0.8301374927887095
1895,94750,94799,9475.000000016937,9479.900000016936,0.1,1.0,0,0,,1.2688812444350714,0.3830640436315585,2.4024153104860613
1896,94800,94849,9480.000000016957,9484.900000016956,0.1,30.0,1,1,8.685722809076502,1.4814451824495816,0.3238237840263691,0.805781243433913
1897,94850,94899,9485.000000016971,9489.90000001697,0.1,1.0,0,0,,0.8895097352538598,0.4624964607724957,1.5459934144854175
1898,94900,94949,9490.000000016991,9494.90000001699,0.1,30.0,1,1,8.909023663893274,0.7721092848901189,0.3749227493175622,1.4364608788365711
1899,94950,94999,9495.00000001701,9499.900000017009,0.1,30.0,1,1,9.188445152428535,2.396320500369729,0.4263225561023688,3.89642949882054
1900,95000,95049,9500.000000017028,9504.900000017027,0.1,1.0,0,0,,2.4772464056552908,0.1596351557487864,3.3435356052418443
1901,95050,95099,9505.000000017046,9509.900000017045,0.1,30.0,1,1,10.218948102703845,2.498434726016571,0.0970354448757389,1.8577807066380645
1902,95100,95149,9510.000000017064,9514.900000017064,0.1,1.0,0,0,,1.3790337436021831,0.6517922109245248,1.4922297937157127
1903,95150,95199,9515.000000017082,9519.900000017082,0.1,30.0,1,1,12.162937629054396,2.0791670294202445,0.1990913224060949,1.3486760730965637
1904,95200,95249,9520.0000000171,9524.9000000171,0.1,1.0,0,0,,2.590542636374761,0.4063860797399957,1.735571021306615
1905,95250,95299,9525.00000001712,9529.90000001712,3.0,30.0,1,1,8.285036307265587,1.848087566549878,0.4078800439644282,0.8096037608322928
1906,95300,95349,9530.000000017137,9534.900000017136,0.1,1.0,0,0,,1.2221298978696409,0.6591849807532162,2.211799726574472
1907,95350,95399,9535.000000017157,9539.900000017156,0.7,20.0,1,1,10.603933814391338,1.542173767583635,0.1217490175841271,1.4346943671785142
1908,95400,95449,9540.000000017171,9544.90000001717,0.1,30.0,1,1,7.697430050476112,1.1008645243230422,0.3910613503428389,0.7212712469110132
1909,95450,95499,9545.000000017191,9549.90000001719,0.1,1.0,0,0,,1.6223938635495945,0.2086826391128995,0.677285965784663
1910,95500,95549,9550.00000001721,9554.90000001721,0.1,30.0,1,1,8.419413514879412,1.6009169048003704,0.2232538898226326,1.1025517835690188
1911,95550,95599,9555.000000017228,9559.900000017227,0.1,1.0,0,0,,1.4688073177314491,0.1071426348266523,0.8261373696607045
1912,95600,95649,9560.000000017246,9564.900000017245,0.1,30.0,1,1,7.457069916565471,2.4133127039027893,0.2618558243389872,1.5019579011062416
1913,95650,95699,9565.000000017264,9569.900000017264,0.1,1.0,0,0,,2.2185360433316164,0.1491286702687542,2.66266928143668
1914,95700,95749,9570.000000017282,9574.900000017282,0.1,30.0,1,1,7.412479631052784,1.7379414581842163,0.1961137162395049,1.73382908733682
1915,95750,95799,9575.0000000173,9579.9000000173,0.1,1.0,0,0,,1.6067225444430364,0.0837500186720154,1.3089850709219335
1916,95800,95849,9580.00000001732,9584.90000001732,0.1,30.0,1,1,7.69368462065377,1.4016285716080856,0.2041817614609623,1.4779780306087666
1917,95850,95899,9585.000000017337,9589.900000017336,0.1,30.0,1,1,5.9626784508607305,2.748236642124509,0.4081540072865784,3.7066776365143017
1918,95900,95949,9590.000000017357,9594.900000017356,0.1,1.0,0,0,,1.2004602406733829,0.2391921775542894,2.619597337947446
1919,95950,95999,9595.000000017371,9599.900000017371,0.3,30.0,1,1,6.285185929887112,4.170316039990711,0.164298537981015,10.311533434894535
1920,96000,96049,9600.000000017391,9604.900000017391,0.1,1.0,0,0,,3.0832553134849103,0.1004430379567848,5.482943865088823
1921,96050,96099,9605.00000001741,9609.90000001741,0.1,30.0,1,1,5.96313561967036,0.8492999497686019,0.3785518378513013,0.6119253824312497
1922,96100,96149,9610.000000017428,9614.900000017427,0.1,1.0,0,0,,5.719952577992543,1.8801756074452771,7.7380840745152435
1923,96150,96199,9615.000000017446,9619.900000017446,0.1,2.0,1,1,70.7516375255353,1.750116038502726,0.653259635385504,2.6224457077851224
1924,96200,96249,9620.000000017464,9624.900000017464,0.1,1.0,0,0,,2.3511889463432656,1.101002851100398,3.3780916060948694
1925,96250,96299,9625.000000017482,9629.900000017482,0.1,30.0,1,1,2.5964886519279773,2.474956682234436,1.78570113199925,0.8559693711613862
1926,96300,96349,9630.0000000175,9634.9000000175,0.1,30.0,1,1,2.707311045149684,2.282986834640233,0.7143863774393853,2.060032045911919
1927,96350,96399,9635.00000001752,9639.90000001752,0.1,1.0,0,0,,3.283170969196106,1.7006460025509502,6.21614116601164
1928,96400,96449,9640.000000017537,9644.900000017537,10.0,30.0,1,1,1.833500112998884,3.6821707675640543,0.2945295208717505,2.3221770516355864
1929,96450,96499,9645.000000017557,9649.900000017557,0.1,1.0,0,0,,2.422433305809636,1.1676360336721472,6.390189759676115
1930,96500,96549,9650.000000017571,9654.900000017571,0.1,30.0,1,1,2.736504154305349,0.8318965378069589,0.3133373755630754,1.831253587042903
1931,96550,96599,9655.000000017591,9659.900000017591,0.1,1.0,0,0,,0.7992999200018761,0.5415807243132141,1.2012762800773369
1932,96600,96649,9660.00000001761,9664.90000001761,0.5,10.0,1,1,7.54436793798931,2.3648120207306134,0.3064768178800003,6.611357449739387
1933,96650,96699,9665.000000017628,9669.900000017627,0.1,1.0,0,0,,2.1644797173701487,0.7559268609106156,7.121100785090419
1934,96700,96749,9670.000000017646,9674.900000017646,0.1,30.0,1,1,2.905883441905728,2.552890472156526,1.0412199457612856,7.754063077094304
1935,96750,96799,9675.000000017664,9679.900000017664,0.1,30.0,1,1,2.678605713981558,3.611772398989938,1.0124305256605834,4.36358547512546
1936,96800,96849,9680.000000017682,9684.900000017682,0.1,1.0,0,0,,1.65523222679603,0.688181554941969,4.533231593720937
1937,96850,96899,9685.0000000177,9689.9000000177,10.0,30.0,1,1,0.9592650780646176,6.729742142343357,1.788444169997153,3.557753453387767
1938,96900,96949,9690.00000001772,9694.90000001772,0.1,1.0,0,0,,3.0270092606818446,1.670073925577391,2.2639697192313792
1939,96950,96999,9695.000000017735,9699.900000017735,0.1,30.0,1,1,3.265180375020913,1.304850638499781,0.271673660079823,0.9466300706261808
1940,97000,97049,9700.000000017755,9704.900000017755,0.1,1.0,0,0,,2.213833301305831,0.4754542142295014,6.226689402024692
1941,97050,97099,9705.000000017772,9709.900000017771,0.5,2.0,1,1,29.534830891547003,1.7929926824734213,0.4084931587985061,7.351040304286807
1942,97100,97149,9710.000000017792,9714.900000017791,0.1,1.0,0,0,,5.622565375873223,0.7540751239281073,27.570821963880142
1943,97150,97199,9715.00000001781,9719.90000001781,0.1,30.0,1,1,2.9894442257785574,7.487383906851113,1.252934787937559,22.41936740055985
1944,97200,97249,9720.000000017828,9724.900000017828,0.1,30.0,1,1,4.03343171128387,2.010993361009764,0.1519837929928843,4.086004947512586
1945,97250,97299,9725.000000017846,9729.900000017846,0.1,1.0,0,0,,0.9051246139179816,0.7222348450320405,0.9634200446426268
1946,97300,97349,9730.000000017864,9734.900000017864,2.0,5.0,1,1,4.246265282793257,4.487737653916709,1.8337570801850636,1.346995070261635
1947,97350,97399,9735.000000017882,9739.900000017882,0.1,1.0,0,0,,5.254472727403541,2.468457620045235,4.456495987234826
1948,97400,97449,9740.0000000179,9744.9000000179,7.0,30.0,1,1,1.4879238943594275,2.0968231743607952,1.808243029670908,6.269576997435896
1949,97450,97499,9745.00000001792,9749.90000001792,0.1,1.0,0,0,,0.6568199563404505,0.3476510331728828,1.5016355875351652
1950,97500,97549,9750.000000017935,9754.900000017935,1.5,30.0,1,1,1.2985290918748944,1.9644438308504375,0.4325598871843673,11.519486615463109
1951,97550,97599,9755.000000017955,9759.900000017955,0.1,1.0,0,0,,10.307419195144025,1.1441010808146057,58.14766535343308
1952,97600,97649,9760.000000017972,9764.900000017971,0.1,30.0,1,1,3.57917935824705,3.81313238672896,2.334579840256123,3.535219841908628
1953,97650,97699,9765.000000017992,9769.900000017991,0.1,30.0,1,1,5.813301502946933,1.0674254163587698,0.3451476476939426,1.0708493921296465
1954,97700,97749,9770.00000001801,9774.90000001801,0.1,1.0,0,0,,1.1637670545161802,0.2783594986073949,1.4158115282489323
1955,97750,97799,9775.000000018028,9779.900000018028,0.15,30.0,1,1,6.220806912220032,2.3904215602640453,0.2805095708366985,5.844972653575545
1956,97800,97849,9780.000000018046,9784.900000018046,0.1,1.0,0,0,,4.365241327683745,0.1200490803591047,10.281176385285974
1957,97850,97899,9785.000000018064,9789.900000018064,2.0,30.0,1,1,4.682790155412638,3.6651246071090497,0.4045701128289314,3.827673359612549
1958,97900,97949,9790.000000018084,9794.900000018084,0.1,1.0,0,0,,3.113468425677866,1.050633162546096,3.2703648373964898
1959,97950,97999,9795.0000000181,9799.9000000181,0.1,30.0,1,1,3.048057614010566,1.156974614165395,0.163340844828555,2.281879534975017
1960,98000,98049,9800.00000001812,9804.90000001812,0.1,1.0,0,0,,3.178110256406312,1.4593481688410668,2.170539593129444
1961,98050,98099,9805.000000018135,9809.900000018135,2.0,2.0,1,1,5.789948639661932,0.6837999244361523,0.904419879249912,2.808563786408828
1962,98100,98149,9810.000000018155,9814.900000018155,0.1,1.0,0,0,,0.1533514983618162,0.0553043598642351,0.9643800636617538
1963,98150,98199,9815.000000018174,9819.900000018173,1.5,30.0,1,1,0.2284934017646538,0.5097890784679058,0.2331905784221591,3.39263026914243
1964,98200,98249,9820.000000018192,9824.900000018191,0.1,1.0,0,0,,3.935480419576681,2.2614731250588456,1.8231636382726484
1965,98250,98299,9825.00000001821,9829.90000001821,0.1,15.0,1,1,2.8551126161523404,0.7655964934761031,0.2465346349489399,2.43613045293646
1966,98300,98349,9830.000000018228,9834.900000018228,0.1,1.0,0,0,,4.483094561400881,2.2856053960087324,0.6816108860002039
1967,98350,98399,9835.000000018246,9839.900000018246,30.0,30.0,1,1,0.007755776658671,1.7420795354843903,0.6692273653887005,3.8414720578604142
1968,98400,98449,9840.000000018264,9844.900000018264,0.1,1.0,0,0,,1.1197780160028936,0.5764159053379899,0.8394398899271927
1969,98450,98499,9845.000000018284,9849.900000018284,0.1,1.0,1,1,26.978995362633217,1.312800708716434,1.1926517185330408,3.2089073421304097
1970,98500,98549,9850.0000000183,9854.9000000183,0.1,1.0,0,0,,1.636090246886508,0.6232614735310316,2.1616392528680635
1971,98550,98599,9855.00000001832,9859.90000001832,0.1,30.0,1,1,1.0671623626614055,2.673637376934644,1.00511459022541,18.993270238394967
1972,98600,98649,9860.000000018335,9864.900000018335,0.2,15.0,1,1,7.340223815862716,7.226276803708084,0.5072574391717231,29.912539108527422
1973,98650,98699,9865.000000018355,9869.900000018355,0.1,1.0,0,0,,2.089802878811513,1.2192062675079862,4.406222224484568
1974,98700,98749,9870.000000018374,9874.900000018373,0.15,20.0,1,1,7.412018249234237,2.12731362425275,0.3376192201390218,7.7148652426624675
1975,98750,98799,9875.000000018392,9879.900000018391,0.1,1.0,0,0,,4.97286608099197,0.4264265892664037,11.400805254975255
1976,98800,98849,9880.00000001841,9884.90000001841,2.0,30.0,1,1,4.433978783657446,2.654169164828271,0.1779463293541208,1.099167440656485
1977,98850,98899,9885.000000018428,9889.900000018428,0.1,1.0,0,0,,2.944219554307157,0.4211392226656527,9.362893425648044
1978,98900,98949,9890.000000018446,9894.900000018446,0.1,3.0,1,1,51.89987280965931,2.0954018598781845,0.2415768773734389,3.0167167777501813
1979,98950,98999,9895.000000018465,9899.900000018464,0.1,1.0,0,0,,5.869339516806198,0.4674303777844399,16.645525334134458
1980,99000,99049,9900.000000018485,9904.900000018484,0.1,30.0,1,1,5.154978000351591,2.4972634702534178,0.1364530429965497,4.160724813918576
1981,99050,99099,9905.0000000185,9909.900000018499,0.1,30.0,1,1,4.257044934911217,2.542263353718245,0.1819392889432751,6.209859851722217
1982,99100,99149,9910.00000001852,9914.900000018519,0.1,1.0,0,0,,1.803078350272093,0.0600655582737455,3.83244730005224
1983,99150,99199,9915.000000018536,9919.900000018535,0.1,30.0,1,1,4.303792444507704,1.0107021374517506,0.2555337297843107,1.3503986908471175
1984,99200,99249,9920.000000018556,9924.900000018555,0.1,1.0,0,0,,1.722564878761485,0.1110083332536906,3.5320647987323563
1985,99250,99299,9925.000000018574,9929.900000018573,0.1,30.0,1,1,4.697836037329307,0.8990902975067695,0.2026029110212804,0.3742367961589475
1986,99300,99349,9930.000000018592,9934.900000018592,0.1,1.0,0,0,,1.0031859296692442,0.6325026177439048,0.9097293328783508
1987,99350,99399,9935.00000001861,9939.90000001861,3.0,30.0,1,1,4.2872795237599925,1.726075036627294,0.2169398586165301,1.43298283133898
1988,99400,99449,9940.000000018628,9944.900000018628,0.1,1.0,0,0,,1.3923207147916186,0.6527896686818573,2.9561540700124365
1989,99450,99499,9945.000000018646,9949.900000018646,2.0,30.0,1,1,4.320943060683536,1.0400524405685168,0.2434050258480158,2.339919430031861
1990,99500,99549,9950.000000018665,9954.900000018664,3.0,15.0,1,1,1.3213402160240098,3.687106762158381,1.5870073445275856,2.0430742796666848
1991,99550,99599,9955.000000018685,9959.900000018684,0.1,1.0,0,0,,6.546828307416625,3.082125453260746,1.34033230920352
1992,99600,99649,9960.0000000187,9964.900000018699,0.1,1.0,0,0,,0.3043807194540478,0.0962937947153149,1.044170731279555
1993,99650,99699,9965.00000001872,9969.900000018719,0.1,1.0,0,0,,0.1347956281285396,0.0395890469457887,0.9896638365831576
1994,99700,99749,9970.000000018736,9974.900000018735,0.1,1.0,0,0,,0.0365696202009206,0.0150459540798324,1.0782409208418782
1995,99750,99799,9975.000000018756,9979.900000018755,0.1,1.0,0,0,,0.0337893488513055,0.009550704886326,1.0605768477975803
1996,99800,99849,9980.000000018774,9984.900000018773,0.1,1.0,0,0,,0.1223972726779528,0.0143151168276714,1.2536999889755338
1997,99850,99899,9985.000000018792,9989.900000018792,0.1,1.0,0,0,,0.1319278766287124,0.0126161805146608,1.0886466976756908
1998,99900,99949,9990.00000001881,9994.90000001881,0.1,1.0,0,0,,0.1066479269220615,0.0140774071228932,1.0409594998136504
1999,99950,99999,9995.000000018828,9999.900000018828,2.0,30.0,1,1,0.3856762615265012,1.2319630387651586,0.5834270198618917,2.7174897180469824
2000,100000,100049,10000.000000018848,10004.900000018848,0.1,1.0,0,0,,3.5185649136000645,1.0774331093275291,18.71316888940257
2001,100050,100099,10005.000000018865,10009.900000018864,0.2,5.0,1,1,27.657549102257,1.4724859572256894,1.4708410903502445,2.738688222795293
2002,100100,100149,10010.000000018885,10014.900000018884,0.1,1.0,0,0,,5.256285146682222,2.125482957407701,8.011941513400917
2003,100150,100199,10015.0000000189,10019.900000018899,0.1,5.0,1,1,79.56037652962964,2.1401327603061464,1.903248978732171,1.9983487442892365
2004,100200,100249,10020.00000001892,10024.900000018919,0.1,1.0,0,0,,5.07150421383488,0.1928685397483278,6.762990050299989
2005,100250,100299,10025.000000018936,10029.900000018935,0.1,30.0,1,1,15.694574147008208,2.795564511201022,0.5806746775398481,3.315557095518591
2006,100300,100349,10030.000000018956,10034.900000018955,0.1,30.0,1,1,16.427976698157035,2.248571376778948,0.3743968815643027,1.5443023153526476
2007,100350,100399,10035.000000018974,10039.900000018974,0.1,1.0,0,0,,2.620654636698361,0.2000859253492296,2.477608913062624
2008,100400,100449,10040.000000018992,10044.900000018992,0.1,30.0,1,1,11.771893974554974,4.130427632341554,0.9303487736854136,0.8355136272689159
2009,100450,100499,10045.00000001901,10049.90000001901,0.1,1.0,0,0,,6.232157716643193,2.6380585217947394,3.984875311050856
2010,100500,100549,10050.000000019028,10054.900000019028,1.5,30.0,1,1,4.022180103812202,5.842970603281152,1.0862319073936224,11.806616050779944
2011,100550,100599,10055.000000019048,10059.900000019048,0.1,1.0,0,0,,12.753533824084371,1.12859958869712,35.05994075948762
2012,100600,100649,10060.000000019065,10064.900000019064,0.1,5.0,1,1,51.41410740773285,1.600846264354287,0.9012320466434506,2.4318293250642484
2013,100650,100699,10065.000000019085,10069.900000019084,0.1,1.0,0,0,,1.69544655481543,1.107020838845907,0.9607623591863704
2014,100700,100749,10070.0000000191,10074.900000019099,0.1,30.0,1,1,13.514223097128994,1.8850667806433772,1.4970641874110957,0.5501687028970098
2015,100750,100799,10075.00000001912,10079.900000019119,0.1,30.0,1,1,16.686745153363386,3.285262154056647,0.1300359010227035,2.834905481476389
2016,100800,100849,10080.000000019138,10084.900000019137,0.1,1.0,0,0,,2.201847316126127,0.2008021380349149,1.4777876729394932
2017,100850,100899,10085.000000019156,10089.900000019155,0.1,30.0,1,1,17.608883193748284,3.0531576100354894,0.1838788578139163,1.025255760416112
2018,100900,100949,10090.000000019174,10094.900000019174,0.1,1.0,0,0,,2.94767308876734,0.1518495722434279,2.9426923457118166
2019,100950,100999,10095.000000019192,10099.900000019192,0.15,30.0,1,1,17.329136528730874,3.556960115478453,0.1910173048421382,3.2385080959245
2020,101000,101049,10100.00000001921,10104.90000001921,0.1,1.0,0,0,,3.322878882103382,0.1879241276784088,2.9978919306925373
2021,101050,101099,10105.000000019229,10109.900000019228,0.2,30.0,1,1,17.392044431152826,2.7032466827264465,0.1670342510850657,1.792786696826591
2022,101100,101149,10110.000000019249,10114.900000019248,0.1,1.0,0,0,,3.5627644352313985,0.7825689280082241,3.2147856840841063
2023,101150,101199,10115.000000019263,10119.900000019263,0.1,30.0,1,1,17.104611823274375,2.6338522546514027,0.0938911680472538,2.571502594513848
2024,101200,101249,10120.000000019283,10124.900000019283,0.1,30.0,1,1,14.287737161065843,2.3911919174813763,0.204995625553933,0.7254554630767899
2025,101250,101299,10125.0000000193,10129.9000000193,0.1,1.0,0,0,,6.010681545038093,2.0937818487974327,2.02396785074934
2026,101300,101349,10130.00000001932,10134.90000001932,0.1,30.0,1,1,8.78506923832823,2.443594735158283,0.2204994894142028,0.6213013236859887
2027,101350,101399,10135.000000019338,10139.900000019337,0.1,1.0,0,0,,6.614884902533928,2.674342741987188,0.9777512031248854
2028,101400,101449,10140.000000019356,10144.900000019356,3.0,15.0,1,1,5.304769761071896,3.994565494000487,0.4936796566938666,4.50299317149526
2029,101450,101499,10145.000000019374,10149.900000019374,0.1,1.0,0,0,,8.08370510034105,4.29553215162249,20.93445011392333
2030,101500,101549,10150.000000019392,10154.900000019392,0.1,0.5,1,1,155.6357824657522,4.145831378086422,3.627442038264864,14.291302151185905
2031,101550,101599,10155.00000001941,10159.90000001941,0.1,1.0,0,0,,16.780721787686584,0.4397793819280885,59.621167695446026
2032,101600,101649,10160.000000019429,10164.900000019428,0.1,0.5,1,1,219.45220910487777,8.328838448524722,2.720368739387021,36.33201023418248
2033,101650,101699,10165.000000019449,10169.900000019448,0.1,30.0,1,1,4.525626434561799,8.350267433547534,0.3513620911412619,18.73980096160236
2034,101700,101749,10170.000000019463,10174.900000019463,0.1,1.0,0,0,,9.360552880509283,0.6881018169569232,24.61041871054148
2035,101750,101799,10175.000000019483,10179.900000019483,0.1,30.0,1,1,4.929583296500342,1.0469380492411893,0.435050052909645,2.8396023138290203
2036,101800,101849,10180.0000000195,10184.9000000195,0.1,1.0,0,0,,5.646861241264071,1.8429103019808883,13.604479398370655
2037,101850,101899,10185.00000001952,10189.90000001952,30.0,0.1,1,1,0.0914671713926126,2.2637367933604167,1.2289663281365864,2.96697780466078
2038,101900,101949,10190.000000019538,10194.900000019537,0.1,1.0,0,0,,0.1441698984046772,0.0714485025813327,0.5342833027607687
2039,101950,101999,10195.000000019556,10199.900000019556,0.1,1.0,0,0,,0.0873842357832761,0.0238866580712975,0.7610513457224708
2040,102000,102049,10200.000000019574,10204.900000019574,0.3,30.0,1,1,0.4960292127126179,0.7944416002359784,0.4668368691492891,0.9910503640225222
2041,102050,102099,10205.000000019592,10209.900000019592,0.1,1.0,0,0,,6.677141788502024,3.5708633913363736,6.02750950617441
2042,102100,102149,10210.00000001961,10214.90000001961,5.0,30.0,1,1,2.427494278667493,3.236153754453068,0.2132458255668966,0.8339489755721329
2043,102150,102199,10215.000000019629,10219.900000019628,0.1,1.0,0,0,,2.682387461894954,0.3678269547849812,10.32521888036465
2044,102200,102249,10220.000000019649,10224.900000019648,0.1,1.5,1,1,89.45845207722475,2.844526819322537,0.9521055719102576,4.585257455184434
2045,102250,102299,10225.000000019663,10229.900000019663,0.1,1.0,0,0,,6.688919330382585,0.6136440077035586,15.122191399260316
2046,102300,102349,10230.000000019683,10234.900000019683,0.1,30.0,1,1,6.686186435927948,0.8514708981560074,0.2845263155928245,1.58843048409984
2047,102350,102399,10235.0000000197,10239.9000000197,0.1,30.0,1,1,6.726000249990571,2.945279207657711,0.2597879259982433,5.971411626641388
2048,102400,102449,10240.00000001972,10244.90000001972,0.1,1.0,0,0,,1.370673969869468,0.2667168629572496,2.22249615774143
2049,102450,102499,10245.000000019738,10249.900000019737,5.0,20.0,1,1,4.6518303280357385,5.960555210353016,0.575264234844191,8.355112479476993
2050,102500,102549,10250.000000019756,10254.900000019756,0.1,1.0,0,0,,2.92000366751175,0.8890276084157063,5.434626749263615
2051,102550,102599,10255.000000019774,10259.900000019774,3.0,30.0,1,1,2.795560933052674,4.019229066360778,0.6549268970158104,18.85377327281564
2052,102600,102649,10260.000000019792,10264.900000019792,0.1,1.0,0,0,,4.119121791570015,0.5726606957733025,14.85387618571774
2053,102650,102699,10265.00000001981,10269.90000001981,0.1,1.5,1,1,74.30526411024509,2.1343112833601703,2.0533031883439614,3.646006935151653
2054,102700,102749,10270.000000019829,10274.900000019828,0.1,1.0,0,0,,8.18050448856464,1.8584130440708475,21.525783391521603
2055,102750,102799,10275.000000019849,10279.900000019848,0.1,1.5,1,1,153.5050192057765,10.527445645777812,0.6612400023489841,30.38047117296353
2056,102800,102849,10280.000000019863,10284.900000019863,0.1,30.0,1,1,9.3627747531126,8.260947711738087,0.3867351860369361,17.677904457730207
2057,102850,102899,10285.000000019883,10289.900000019883,0.1,1.0,0,0,,4.227529336977429,2.562137174836567,3.565242276543346
2058,102900,102949,10290.000000019902,10294.900000019901,0.1,30.0,2,1,26.052029125589428,3.116539038351915,0.8297120272211208,5.124417223221307
2059,102950,102999,10295.00000001992,10299.90000001992,0.1,1.0,0,0,,15.543840049892554,0.2561041958959858,33.24842609928376
2060,103000,103049,10300.000000019938,10304.900000019938,0.15,15.0,1,1,23.72214878473249,4.769210197346864,0.8195861420406299,10.369424842791643
2061,103050,103099,10305.000000019956,10309.900000019956,0.1,1.0,0,0,,3.8593613008418175,0.3275300205089507,4.216405944606061
2062,103100,103149,10310.000000019974,10314.900000019974,0.5,15.0,1,1,22.03321477461215,3.0857541916723017,0.1446682128741615,4.993207911078766
2063,103150,103199,10315.000000019993,10319.900000019992,0.1,1.0,0,0,,9.811823705975012,2.2970537128573087,13.421257312356536
2064,103200,103249,10320.00000002001,10324.90000002001,0.1,30.0,1,1,20.1124808361634,6.433791449240656,0.5973757446684818,6.677549766099585
2065,103250,103299,10325.000000020029,10329.900000020029,0.1,30.0,1,1,14.860042005670644,3.0603833508992966,0.4386742760827253,8.453424473574659
2066,103300,103349,10330.000000020049,10334.900000020049,0.1,1.0,0,0,,9.82646098200778,0.2570372602423454,21.760447562908556
2067,103350,103399,10335.000000020063,10339.900000020063,0.1,30.0,1,1,12.13677153490608,4.452059629977515,0.3555609714032304,5.309732930651262
2068,103400,103449,10340.000000020083,10344.900000020083,0.1,1.0,0,0,,2.125994303542869,0.2146316891287872,3.708388391732271
2069,103450,103499,10345.000000020102,10349.900000020101,30.0,0.1,1,1,13.656316465109096,24.06844572055967,2.387147294022484,23.841053632064867
2070,103500,103549,10350.00000002012,10354.90000002012,0.1,1.0,0,0,,60.220644114272645,14.6250976199318,22.91822284366324
2071,103550,103599,10355.000000020138,10359.900000020138,1.5,30.0,1,1,7.529912182639221,6.482924066501536,0.2509742501082047,6.362686764860956
2072,103600,103649,10360.000000020156,10364.900000020156,0.1,1.0,0,0,,2.484764163669203,0.0641021009564037,1.1122886332058248
2073,103650,103699,10365.000000020174,10369.900000020174,0.1,30.0,1,1,8.731470462745415,1.757142323817346,0.2272950368727445,1.7454612708075925
2074,103700,103749,10370.000000020193,10374.900000020192,0.2,30.0,1,1,10.25482097181892,1.2907863556148669,0.6323442525510584,1.1892319513588223
2075,103750,103799,10375.00000002021,10379.90000002021,0.1,1.0,0,0,,4.52800302759203,0.5500492761772494,8.735646175253844
2076,103800,103849,10380.000000020227,10384.900000020227,0.1,30.0,1,1,10.2061555583875,5.723445893453406,0.0879178249620621,10.952564529393335
2077,103850,103899,10385.000000020247,10389.900000020247,0.1,1.0,0,0,,5.364373511543431,0.6403600055711182,7.488894619132226
2078,103900,103949,10390.000000020264,10394.900000020263,0.7,30.0,1,1,10.297698950707405,2.722197952232201,0.2056750567520011,3.86766667586316
2079,103950,103999,10395.000000020284,10399.900000020283,0.1,1.0,0,0,,5.723607620762038,1.3363296669708844,8.083063007147537
2080,104000,104049,10400.000000020302,10404.900000020301,30.0,30.0,1,1,0.7905312288072845,1.6417128401613217,1.4438198216254197,5.028826839966554
2081,104050,104099,10405.00000002032,10409.90000002032,0.1,1.0,0,0,,3.0086225547529057,2.314632679209472,19.889006868093304
2082,104100,104149,10410.000000020338,10414.900000020338,0.1,30.0,1,1,2.704683847652947,6.007851475002791,0.4766285743491229,25.278628272412725
2083,104150,104199,10415.000000020356,10419.900000020356,0.1,30.0,1,1,4.617139648246442,1.2705293933082706,0.637168492045688,2.30958235824973
2084,104200,104249,10420.000000020376,10424.900000020376,0.1,1.0,0,0,,1.6222112551359575,0.2153947813226457,2.435312135616522
2085,104250,104299,10425.000000020393,10429.900000020392,0.1,10.0,1,1,14.212987871216988,1.4175106027357236,0.6211598795792583,2.868879754639769
2086,104300,104349,10430.00000002041,10434.90000002041,0.1,1.0,0,0,,5.342193650092296,2.641450564471945,3.3764089373348507
2087,104350,104399,10435.000000020427,10439.900000020427,30.0,5.0,1,1,0.0676240157162737,2.494877856679207,1.039803071281579,8.836437382691004
2088,104400,104449,10440.000000020447,10444.900000020447,0.1,1.0,0,0,,0.3693553356058192,0.1283795315349652,0.7729472616603629
2089,104450,104499,10445.000000020464,10449.900000020463,1.5,30.0,1,1,0.4273606245017904,1.245894652090972,0.3991407268929224,3.035633207479711
2090,104500,104549,10450.000000020484,10454.900000020483,0.1,1.0,0,0,,5.945086400145877,3.60245557632109,1.0073766805706494
2091,104550,104599,10455.000000020502,10459.900000020501,0.1,10.0,1,1,17.731806607211208,0.7739658791439555,0.8286189955990292,1.1332132958519612
2092,104600,104649,10460.00000002052,10464.90000002052,0.1,1.0,0,0,,1.6990465112450204,0.330824784343453,2.7327574293216177
2093,104650,104699,10465.000000020538,10469.900000020538,0.1,10.0,1,1,20.294891785949545,1.3681903531271349,0.3373631130830684,1.2687847926018052
2094,104700,104749,10470.000000020556,10474.900000020556,0.1,1.0,0,0,,5.242239930326681,0.8268170554764019,12.823262199087932
2095,104750,104799,10475.000000020576,10479.900000020576,0.15,2.0,1,1,63.53992003971384,1.989680805081005,0.5089082922326912,7.997240197149431
2096,104800,104849,10480.000000020593,10484.900000020592,0.1,15.0,1,1,11.867576561070422,11.49328946798347,0.646802105205766,39.13794942257134
2097,104850,104899,10485.000000020613,10489.900000020612,0.1,1.0,0,0,,7.556321974668829,0.6248566222778232,22.248046231070237
2098,104900,104949,10490.00000002063,10494.900000020629,0.1,30.0,1,1,4.353659704511911,1.8172833200314245,0.3316488759773801,1.9404564982401136
2099,104950,104999,10495.000000020647,10499.900000020647,0.1,1.0,0,0,,5.808260943672383,2.8416158326021,5.551658458409629
2100,105000,105049,10500.000000020666,10504.900000020665,30.0,0.1,1,1,0.0388099898576186,2.827249335115829,1.044154124422545,6.297151093015731
2101,105050,105099,10505.000000020684,10509.900000020683,0.1,1.0,0,0,,0.3687439849982538,0.1398297671392386,0.7183520867706487
2102,105100,105149,10510.000000020702,10514.900000020702,0.1,1.0,0,0,,0.1582172689939011,0.0382553734519349,0.9785084968490344
2103,105150,105199,10515.00000002072,10519.90000002072,0.1,1.0,0,0,,0.1313586672280947,0.0122494550244167,0.9974895300170108
2104,105200,105249,10520.000000020738,10524.900000020738,0.2,30.0,1,1,0.4930421629718839,0.6133318112913457,0.2300751480370084,0.5403191607195748
2105,105250,105299,10525.000000020756,10529.900000020756,0.1,1.0,0,0,,6.420941445762034,2.900167404678525,28.040779490062132
2106,105300,105349,10530.000000020776,10534.900000020776,0.1,3.0,1,1,21.8309274739112,6.217164671517506,0.6525125006924091,35.63850567210996
2107,105350,105399,10535.000000020793,10539.900000020793,0.1,1.0,0,0,,6.71048662121187,0.5821804271055675,49.77849351638121
2108,105400,105449,10540.000000020813,10544.900000020813,0.1,1.5,1,1,23.35232342820379,3.78706392599201,0.2466861666400529,16.329335647807333
2109,105450,105499,10545.00000002083,10549.900000020829,0.1,1.0,0,0,,1.28190536816026,0.9959976792825062,3.468799231947709
2110,105500,105549,10550.000000020847,10554.900000020847,10.0,30.0,1,1,0.2056154035643515,3.0009730688237237,1.060484979415801,40.45396495775274
2111,105550,105599,10555.000000020866,10559.900000020865,0.1,1.0,0,0,,3.1593278156271496,0.7175977004765544,28.040455310970334
2112,105600,105649,10560.000000020884,10564.900000020883,30.0,15.0,1,1,0.1097764170662995,0.6483477353261671,0.1847078775785403,13.671664027921649
2113,105650,105699,10565.000000020902,10569.900000020902,0.1,1.0,0,0,,0.0524035759019067,0.0170394644126992,3.498198143378412
2114,105700,105749,10570.00000002092,10574.90000002092,0.1,1.0,0,0,,1.332521301598353,0.5474431064309776,21.273586101857877
2115,105750,105799,10575.000000020938,10579.900000020938,0.1,1.0,0,0,,0.1057532426459433,0.017101706459519,1.09573530445709
2116,105800,105849,10580.000000020957,10584.900000020956,0.1,1.0,0,0,,0.109718432170988,0.0116532586264754,1.4966108322884155
2117,105850,105899,10585.000000020977,10589.900000020976,0.1,1.0,0,0,,0.1084396455571017,0.0097081434763879,0.3991854400205907
2118,105900,105949,10590.000000020991,10594.90000002099,0.1,1.0,0,0,,0.0713584696033062,0.0134228119651476,1.6566960588530923
